"Id","IqamaNo","FullNameAr","FullNameEn","SponsorId","OperatingCityId","Status","IsDeleted"
"01a0bf9d-e09d-77e0-be46-004fe0e8d10f","2584723874","ابراهيم محمود محمد علي","","","019c18d5-62e1-7000-8000-000000000003","3","False"
"01a0bf9d-e098-7e30-82d5-005801d15804","2443668096","جمعان علي احمد العبسي","","","019c18d5-62e1-7000-8000-000000000003","3","False"
"01a09667-03cd-7bb9-aa63-0072dcfb72b0","2600755835","محمد محمد كمال الزيات","","019c18d5-62e1-7000-8000-000000000041","019c18d5-62e1-7000-8000-000000000003","3","False"
"01a0bf9d-e098-7016-ac8d-0073eed06fe3","2193414097","انور طاهر اسماعيل عثمان","","","019c18d5-62e1-7000-8000-000000000003","3","False"
"01a0f73a-252d-71ec-99e0-007404a3bbcd","2596618831","محمد عاكف محمد صالح","","","019c18d5-62e1-7000-8000-000000000005","3","False"
"01a09667-03cd-7e02-8982-009bac63da46","2593329770","خالد محمد على طاحون","","019c18d5-62e1-7000-8000-000000000041","019c18d5-62e1-7000-8000-000000000003","3","False"
"01a0bf9d-e098-743b-b11e-009fed282ab0","2629897691","محمد سامى حسن حامد","","","019c18d5-62e1-7000-8000-000000000005","3","False"
"01a09667-03d5-7694-bf5d-00b7e75f6e7f","2621224613","مصطفى البدرى اسماعيل محمد","","019c18d5-62e1-7000-8000-000000000042","019c18d5-62e1-7000-8000-000000000005","5","False"
"01a0bf9d-e0a4-7a24-9c6a-00d188aa546a","2520063369","اظهار أحمد بادرودين","","","019c18d5-62e1-7000-8000-000000000003","3","False"
"01a10b75-b629-73e0-afe4-00ea3e9ac5bd","2538961620","محمد شعبان لملوم محمود","","","019c18d5-62e1-7000-8000-000000000003","3","False"
"01a0bf9d-e0a3-7c0c-a5ea-00fde6b58697","2534773680","احمد صالح عطيه محمد","","","019c18d5-62e1-7000-8000-000000000005","3","False"
"01a0bf9d-e099-72ff-b9a9-01046e1b56e9","2560626836","محمد احمد عبدالمولى معتمد","","","019c18d5-62e1-7000-8000-000000000003","3","False"
"01a09667-03ce-7258-a30a-010750f5367b","2602744316","HRIDOY HASAN","","019c18d5-62e1-7000-8000-000000000041","019c18d5-62e1-7000-8000-000000000003","3","False"
"01a0bf9d-e0a5-753c-826b-013e6fb27f8f","2513722070","أكيل علي تجمل حسين","","","019c18d5-62e1-7000-8000-000000000003","3","False"
"01a09667-03d5-7fb1-b90c-015be1778d25","2619448679","عبدالرحمن سليمان محمد سليمان","","019c18d5-62e1-7000-8000-000000000042","019c18d5-62e1-7000-8000-000000000005","3","False"
"01a0bf9d-e098-70a0-ba25-01883ce662fc","2571681390","أبو باكار صديق","","","019c18d5-62e1-7000-8000-000000000003","3","False"
"01a0bf9d-e0a5-7370-8f97-01b2bccdda6a","2503043552","محمد جاسم حاجي محمد","","","019c18d5-62e1-7000-8000-000000000003","3","False"
"01a0bf9d-e0a6-78ed-a172-01e98b1a91f6","2193407992","حبيب الرحمن بشير - أحمد","","","019c18d5-62e1-7000-8000-000000000003","3","False"
"01a0bf9d-e099-7d39-a7b9-021ca5fb8487","2563297650","هشام حنفي ابو عمره حسن","","","019c18d5-62e1-7000-8000-000000000005","3","False"
"01a09667-03d2-7550-b14e-0233081853b8","2578128130","MD ABUL HOSEN","","019c18d5-62e1-7000-8000-000000000042","019c18d5-62e1-7000-8000-000000000003","8","False"
"01a09667-03d0-710a-9557-02430426469c","2347120533","ROBEL MIA KURSHID MIA","","019c18d5-62e1-7000-8000-000000000042","019c18d5-62e1-7000-8000-000000000003","3","False"
"01a0f66d-52c3-7fe2-a0a6-028b7fb96525","2619523885","وهاب يونس على يونس","","","019c18d5-62e1-7000-8000-000000000005","3","False"
"01a0bf9d-e09c-7123-91d3-02dc40c86d93","2563801527","محمد عاشور مصطفى محمد","","","019c18d5-62e1-7000-8000-000000000003","3","False"
"01a0bf9d-e0a5-7a86-97db-0380d767fce5","2446776466","نور الله اسلام","","","019c18d5-62e1-7000-8000-000000000003","3","False"
"01a0bf9d-e09c-749f-952b-038cf72ff358","2495910438","عادل علي ناصر النشري","","","019c18d5-62e1-7000-8000-000000000003","3","False"
"01a10caf-c4d9-7d3f-99fe-03ffe3fdbb18","2603608726","هاني علي ناصر قاسم","","","019c18d5-62e1-7000-8000-000000000003","3","False"
"01a0bf9d-e0a1-778d-981d-04117313d6d4","2489066726","محمد ابراهيم السيد الشحات","","","019c18d5-62e1-7000-8000-000000000003","3","False"
"01a0bf9d-e0a1-724f-b778-041d1956f328","2562901922","حسين احمد حسين الغزاوى","","","019c18d5-62e1-7000-8000-000000000003","3","False"
"01a09667-03cc-76fc-8418-043a09cc8854","2590077299","علاء عبدالحميد عبداللطيف عبدالحميد","","019c18d5-62e1-7000-8000-000000000041","019c18d5-62e1-7000-8000-000000000003","3","False"
"01a0bf9d-e09b-71c9-b6c5-044d8e50ab43","2605351283","موسين عباس محمد اسماعيل","","","019c18d5-62e1-7000-8000-000000000003","3","False"
"01a0bf9d-e0a1-779b-bb83-0458345517a0","2361666171","محمد علوي","","","019c18d5-62e1-7000-8000-000000000003","3","False"
"01a09667-03ce-7c4b-9903-0486ce425f85","2611729878","RASEL MIA","","019c18d5-62e1-7000-8000-000000000041","019c18d5-62e1-7000-8000-000000000003","3","False"
"01a09667-03cf-7f37-a00e-04a2200205b7","2621481486","محمود احمد عبدالعظيم احمد","","019c18d5-62e1-7000-8000-000000000041","019c18d5-62e1-7000-8000-000000000003","3","False"
"01a09667-03d1-7401-aa59-050aa547c499","2559976770","جميل محمد ابراهيم غنيم","","019c18d5-62e1-7000-8000-000000000042","019c18d5-62e1-7000-8000-000000000003","3","False"
"01a0bf9d-e09d-7ca0-a9d0-052af12ae702","2167849625","احمد محمد سعيد باشماخ","","","019c18d5-62e1-7000-8000-000000000003","3","False"
"01a0bf9d-e098-74ee-8d1a-052bead2d6e2","2622133979","محمد مسعود رنا","","","019c18d5-62e1-7000-8000-000000000003","3","False"
"01a09667-03da-75ce-90a0-061167514028","2624402620","مد ا موسي ال","","019c18d5-62e1-7000-8000-000000000040","019c18d5-62e1-7000-8000-000000000005","3","False"
"01a0bf9d-e09b-79c9-a4cc-062b4b0fd523","2600894410","احمد عمر علي ميهوب","","","019c18d5-62e1-7000-8000-000000000003","3","False"
"01a0bf9d-e0a4-75e1-ade9-063f1e9494d6","2531967566","جرير احمد رومي احمد","","","019c18d5-62e1-7000-8000-000000000003","3","False"
"01a0bf9d-e09c-733a-ba2d-0646d099fbd4","2478613744","الصادق عبد الباقي محمد مالك","","","019c18d5-62e1-7000-8000-000000000003","3","False"
"01a0bf9d-e0a4-7137-a964-064e5ff0c3d7","2551024785","مونير مد اح","","","019c18d5-62e1-7000-8000-000000000003","3","False"
"01a0bf9d-e09e-7478-955d-0686f6f3ea5b","2489197869","معوض صالح سليمان","","","019c18d5-62e1-7000-8000-000000000003","3","False"
"01a0bf9d-e0a5-7b72-81f9-0687ea536fe0","2472345533","جيهان أفسر ميهرباني ميان","","","019c18d5-62e1-7000-8000-000000000003","3","False"
"01a0bf9d-e0a0-71c1-9590-0695154980f1","2549639728","اسلام وحيد محمد ولايه","","","019c18d5-62e1-7000-8000-000000000003","3","False"
"01a0bf9d-e09f-783d-8126-06b1b004a995","2330303286","نورو محمد احمد","","","019c18d5-62e1-7000-8000-000000000003","3","False"
"01a0bf9d-e09f-7c11-9c6e-06b92df38366","2350332397","نورو اندريس حسين","","","019c18d5-62e1-7000-8000-000000000003","3","False"
"01a09667-03d5-7576-bd64-06b9fcdab691","2618813436","مصطفى عبد السلام حسن خلف الله","","019c18d5-62e1-7000-8000-000000000042","019c18d5-62e1-7000-8000-000000000003","5","False"
"01a0bf9d-e09c-7224-95ed-06c0dd3ed716","2566779084","احمد جوده حسب النبي","","","019c18d5-62e1-7000-8000-000000000003","3","False"
"01a0bf9d-e097-732a-b557-06db5038e0b5","2521552154","رجب جمال سريع","","","019c18d5-62e1-7000-8000-000000000003","3","False"
"01a0bf9d-e0a2-7e7b-b0db-0717ddc885e4","2636493989","هشام سعيد عبد الله دابي","","","019c18d5-62e1-7000-8000-000000000003","3","False"
"01a0bf9d-e0a0-7c1d-ac46-071d6916f3d7","2617730466","مروان احمد العوض جادين","","","019c18d5-62e1-7000-8000-000000000003","3","False"
"01a0bf9d-e0a5-7258-b170-071edd519cf0","2447280849","هارون رشید فرج بن عبد العزيز","","","019c18d5-62e1-7000-8000-000000000003","3","False"
"01a0bf9d-e098-7d41-a3ae-07253db2f097","2562464392","محمد عريف حسين حسين","","","019c18d5-62e1-7000-8000-000000000003","3","False"
"01a0bf9d-e09d-78ae-a620-07503de0320f","2595573458","مد سديد احمد","","","019c18d5-62e1-7000-8000-000000000003","3","False"
"01a0bf9d-e09d-79af-92f3-07675a805a1d","2589688742","شانيربابو بوليكال بوليكال","","","019c18d5-62e1-7000-8000-000000000003","3","False"
"01a09667-03d2-743c-b191-076d99c86450","2583233321","عمرو السيد عبده مرعى","","019c18d5-62e1-7000-8000-000000000042","019c18d5-62e1-7000-8000-000000000003","3","False"
"01a09667-03d9-7497-893f-07a0f9fc679c","2641773227","أفضل على سفارش علي","","","019c18d5-62e1-7000-8000-000000000003","6","False"
"01a0bf9d-e0a2-7958-b7eb-07a5217a15d6","2265714200","محمد احمد احمد عجير","","","019c18d5-62e1-7000-8000-000000000005","3","False"
"01a0bf9d-e0a0-79df-aaa5-07eeca0d2f8f","2628747079","عبده لطف عبده القطامي","","","019c18d5-62e1-7000-8000-000000000003","3","False"
"01a1069d-15b9-772c-81c5-0807d5476431","2514944897","خالد يونس سيف ابو سديره","","","019c18d5-62e1-7000-8000-000000000003","3","False"
"01a09667-03d4-762b-b731-08464a57244f","2602293777","حسن عادل محمد احمد","","019c18d5-62e1-7000-8000-000000000042","019c18d5-62e1-7000-8000-000000000003","5","False"
"01a09667-03d9-74f4-be75-08641e6b73bd","2592452367","رمضان كمال محمد احمد","","019c18d5-62e1-7000-8000-000000000041","019c18d5-62e1-7000-8000-000000000003","7","False"
"01a09667-03d4-793e-8856-086a2f0537d2","2616110728","محمد عادل محمد عقده","","019c18d5-62e1-7000-8000-000000000042","019c18d5-62e1-7000-8000-000000000003","3","False"
"01a0bf9d-e0a5-77a7-97db-087cae358454","2483346082","غلام عمران بد غلام جيلاني بد غلام","","","019c18d5-62e1-7000-8000-000000000003","3","False"
"01a0bf9d-e09b-707c-8587-08a1e0713106","2599081276","ايهاب جمال عبدالله عبدالوهاب","","","019c18d5-62e1-7000-8000-000000000003","3","False"
"01a0bf9d-e0a5-700e-968f-08a3c48df758","2492970377","محمد حسين","","","019c18d5-62e1-7000-8000-000000000003","3","False"
"01a0bf9d-e09f-7420-bf89-08c91f9b4e8d","2608569253","محمد جمعه عطيه عبدالجيد","","","019c18d5-62e1-7000-8000-000000000003","3","False"
"01a0bf9d-e0a2-743a-a94c-08e402a749c0","2092813944","محمد صلاح الدين عبد الرحمن زملط","","","019c18d5-62e1-7000-8000-000000000003","3","False"
"01a0bf9d-e0a3-7b0b-b530-08f510c27ce2","2621415997","أفزل خان","","","019c18d5-62e1-7000-8000-000000000003","3","False"
"01a09667-03d3-7c98-8f6b-09393bda1ab4","2596606422","سيد حسنى سيد محمد","","019c18d5-62e1-7000-8000-000000000042","019c18d5-62e1-7000-8000-000000000003","3","False"
"01a0bf9d-e0a4-7df6-a944-09ce89bbc37d","2518086513","أرمان خان مقبول أحمد","","","019c18d5-62e1-7000-8000-000000000003","3","False"
"01a0bf9d-e09c-7739-9063-09d4dd405697","2373863253","اشرف الشيخ فضل محمد","","","019c18d5-62e1-7000-8000-000000000003","3","False"
"01a09667-03d1-79fb-9a30-09da0e88f426","2522777933","حمودى محمد على عبدالمولى","","019c18d5-62e1-7000-8000-000000000042","019c18d5-62e1-7000-8000-000000000005","3","False"
"01a09667-03d5-7ea1-b5d0-09f5097e2454","2621321203","محرم ابراهيم عثمان احمد","","019c18d5-62e1-7000-8000-000000000042","019c18d5-62e1-7000-8000-000000000005","3","False"
"01a0bf9d-e09a-730a-8b4b-0a37388a5a75","2567590720","مد اوسين اوسين","","","019c18d5-62e1-7000-8000-000000000003","3","False"
"01a09667-03d1-7f2e-b11e-0a3f2ccc0b44","2535622282","MD TUSAR MIA","","019c18d5-62e1-7000-8000-000000000042","019c18d5-62e1-7000-8000-000000000005","3","False"
"01a0bf9d-e09f-7e21-bdca-0a516bfa950d","2329427781","محمد علي فانتا","","","019c18d5-62e1-7000-8000-000000000003","3","False"
"01a0bf9d-e09f-7f3d-be82-0a99cd0554b6","2497530499","محمد النعيم محمد المدنى","","","019c18d5-62e1-7000-8000-000000000003","3","False"
"01a09667-03d1-78a0-b3c8-0ad8468e21a8","2552431948","محمد مصطفى عبدالعليم مصطفى","","019c18d5-62e1-7000-8000-000000000042","019c18d5-62e1-7000-8000-000000000003","3","False"
"01a0e7fc-e604-7800-8372-0b30ed456e7f","2609810318","زياد احمد عثمان الشخات","","","019c18d5-62e1-7000-8000-000000000003","3","False"
"01a1107a-c6cf-785b-b077-0b519d75c452","2643310812","خالد منصور عبد الرب قاسم","","","019c18d5-62e1-7000-8000-000000000003","3","False"
"01a0bf9d-e0a2-7b8c-86cb-0b52bb79ea49","2016349637","محمد وسيم محمد سبع الليل","","","019c18d5-62e1-7000-8000-000000000003","3","False"
"01a09667-03d8-7761-93ee-0b7a2489ea68","2623793649","يوسف احمد محمد احمد","","","019c18d5-62e1-7000-8000-000000000005","6","False"
"01a09667-03d7-7772-a003-0bc37791ebd9","2568469064","محمد علي احمد علي","","","019c18d5-62e1-7000-8000-000000000003","6","False"
"01a0f1a0-b086-7f5b-97f8-0bc791cd5063","2582392409","كويم عبدالله احمد فقعس","","","019c18d5-62e1-7000-8000-000000000003","3","False"
"01a0bf9d-e0a2-785b-8062-0be18d11026a","2481373419","امجد منصور عبدالله محمد","","","019c18d5-62e1-7000-8000-000000000005","3","False"
"01a0bf9d-e0a3-705d-918e-0bec74ff152b","2584946921","صفي الله باشا محمد","","","019c18d5-62e1-7000-8000-000000000003","3","False"
"01a0bf9d-e09e-7547-b7c0-0bee32564ea7","2616031742","محمد فنتا ييمر","","","019c18d5-62e1-7000-8000-000000000003","3","False"
"01a0f83e-188e-70f2-8f2c-0bf27883dda9","2627375161","خالد محمد محمد برهام","","","019c18d5-62e1-7000-8000-000000000003","3","False"
"01a0bf9d-e0a0-74b0-bc5a-0c410bed46d5","2539776209","اشرف رمضان بهنسی محمد","","","019c18d5-62e1-7000-8000-000000000003","3","False"
"01a09667-03ca-737f-8254-0c444081acf5","2569733740","KHALILUR RAHAMAN","","019c18d5-62e1-7000-8000-000000000041","019c18d5-62e1-7000-8000-000000000003","3","False"
"01a09667-03db-70a2-a52b-0c838429ec19","2630315881","كريم احمد محمد عبدالحميد","","019c18d5-62e1-7000-8000-000000000040","019c18d5-62e1-7000-8000-000000000003","3","False"
"01a10caa-08d0-77b0-8c56-0c8ad17a3a3c","2633258724","محمد نجيب محمود احمد","","","019c18d5-62e1-7000-8000-000000000003","3","False"
"01a09667-03db-7510-8369-0cc969f39baa","2630314611","Jahire Alam","","019c18d5-62e1-7000-8000-000000000040","019c18d5-62e1-7000-8000-000000000003","3","False"
"01a0bf9d-e099-7f10-a263-0cfb191e4961","2640422974","علاء بدوي مصطفي","","","019c18d5-62e1-7000-8000-000000000005","3","False"
"01a09667-03d5-7e62-a7db-0d0cbc0eb2a5","2620007464","احمد محمود عبد السلام احمد","","019c18d5-62e1-7000-8000-000000000042","019c18d5-62e1-7000-8000-000000000003","3","False"
"01a0bf9d-e0a6-7864-b4eb-0d68b9953ddb","2356322129","افسر علي مهبات خان","","","019c18d5-62e1-7000-8000-000000000003","3","False"
"01a0bf9d-e0a7-7c0b-b6f9-0d8db25d4ecf","2120143991","أحمد عيسى محمد عربي","","","019c18d5-62e1-7000-8000-000000000003","3","False"
"01a09667-03cb-7e79-9652-0d977c5fe103","2581511629","حاتم محمد عبدالله على","","019c18d5-62e1-7000-8000-000000000041","019c18d5-62e1-7000-8000-000000000005","3","False"
"01a09667-03c7-7256-9a14-0db482c8840a","2434190522","عثمان مكي","","","019c18d5-62e1-7000-8000-000000000005","3","False"
"01a0bf9d-e09d-7563-b0f5-0dc8713413a7","2477106476","بسام محمد محمد عبدالحليم","","","019c18d5-62e1-7000-8000-000000000003","3","False"
"01a0bf9d-e09b-7b91-9b7f-0ddefe255525","2511785194","احمد شاكر عبدالله شكل","","","019c18d5-62e1-7000-8000-000000000003","3","False"
"01a0bf9d-e0a3-72b2-b7cc-0df38317ab59","2608130296","عمران عبدالله عمران عبد الله","","","019c18d5-62e1-7000-8000-000000000003","3","False"
"01a0bf9d-e0a2-79d3-aa1a-0e01a64cf172","2584605303","محمد نصحى عبدالعزيز عبدالصمد","","","019c18d5-62e1-7000-8000-000000000005","3","False"
"01a09667-03d1-7cba-b8e6-0e256978e4f8","2563841630","محمود ربيع جنيدى خالد","","019c18d5-62e1-7000-8000-000000000042","019c18d5-62e1-7000-8000-000000000003","3","False"
"01a09667-03c7-7641-a6d0-0e83fe020489","2495975902","قيس كامل قايد الشرعبي","","019c18d5-62e1-7000-8000-000000000041","019c18d5-62e1-7000-8000-000000000003","3","False"
"5fe2c663-952d-4f29-907c-0ebd0f8811e0","2569101781","شامي ي ميا هارو","","","","1","False"
"01a09667-03c7-739f-b763-0f5df303347c","2510890805","MD MORSHED ALAM","","019c18d5-62e1-7000-8000-000000000041","019c18d5-62e1-7000-8000-000000000003","3","False"
"01a0bf9d-e0a4-7e58-b7f2-0f61418de607","2526435561","ارسلان افتخار احمد افتيخار","","","019c18d5-62e1-7000-8000-000000000003","3","False"
"01a09667-03d0-7f95-bd74-0f98152d7f67","2513764213","شعبان عبدالعظيم سيد جنيدي","","019c18d5-62e1-7000-8000-000000000042","019c18d5-62e1-7000-8000-000000000003","3","False"
"01a0bf9d-e09c-7c82-8ec7-0fbb6749e655","2364621561","بلوله عبدالباقي محمد ابراهيم","","","019c18d5-62e1-7000-8000-000000000003","3","False"
"01a09667-03ce-76b0-bad7-0fce07ff177e","2608245813","MD HARUNUR RASHID","","019c18d5-62e1-7000-8000-000000000041","019c18d5-62e1-7000-8000-000000000003","3","False"
"01a09667-03d6-7ba8-ad53-0ff85809f168","2302460882","صلاح سيد عزت عباس","","","019c18d5-62e1-7000-8000-000000000005","6","False"
"01a0bf9d-e09a-751e-a7c5-1096c64cf6b3","2606688667","احمد خالد ابراهيم محمود","","","019c18d5-62e1-7000-8000-000000000003","3","False"
"01a09667-03d1-7d37-afa4-109b5a4541cf","2531302228","MD SOBUJ","","019c18d5-62e1-7000-8000-000000000042","019c18d5-62e1-7000-8000-000000000003","3","False"
"01a0bf9d-e098-7a9f-aeca-109ce173b8f0","2561527405","انتو ر احمر","","","019c18d5-62e1-7000-8000-000000000003","3","False"
"01a0bf9d-e0a5-7316-ab69-10d47cdd0aa1","2442917163","عبدالرحمن عبدالله ابكر مهدلي","","","019c18d5-62e1-7000-8000-000000000003","3","False"
"01a0bf9d-e09e-738d-a85a-10d66482a623","2184544357","رضا حسن عبدالجواد خليفه","","","019c18d5-62e1-7000-8000-000000000003","3","False"
"01a09667-03ca-7ed7-996c-1138f029ff02","2567838806","MD NAHID","","019c18d5-62e1-7000-8000-000000000041","019c18d5-62e1-7000-8000-000000000003","5","False"
"01a0bf9d-e0a1-7470-ae20-1139210e39ac","2467943185","عيسى محمد احمد فارع","","","019c18d5-62e1-7000-8000-000000000003","3","False"
"01a0bf9d-e09a-7904-80c0-116e761d8ede","2585139146","مد مامون","","","019c18d5-62e1-7000-8000-000000000003","3","False"
"01a0f2a8-634e-79eb-adc2-1171eb94b169","2472955786","محمد شاهد محمد صديق","","","019c18d5-62e1-7000-8000-000000000003","3","False"
"a064578b-5fce-4c73-9555-11e40182c551","2576612564","فيصر عباس فريد غلام","","","","1","False"
"01a0bf9d-e0a5-73c4-9f33-11eed5392f18","2432176796","محمد كامل حسن مناع","","","019c18d5-62e1-7000-8000-000000000003","3","False"
"01a0bf9d-e099-7b20-aebf-120456381ea1","2589453378","محمد رمضان سيد محمد","","","019c18d5-62e1-7000-8000-000000000005","3","False"
"01a09667-03c9-7406-a7c8-12382ac658ed","2557012263","ربيع اشرف عوض ابراهيم","","019c18d5-62e1-7000-8000-000000000041","019c18d5-62e1-7000-8000-000000000003","3","False"
"01a09667-03d9-7e27-ac87-124ed5c2cc82","2570601621","مظهر ال عبدالمنان اسلام اسلام","","","019c18d5-62e1-7000-8000-000000000003","6","False"
"01a0bf9d-e09e-772f-bcba-12b59385d834","2541170847","محمود حمدى عبد المجيب يوسف","","","019c18d5-62e1-7000-8000-000000000003","3","False"
"01a0bf9d-e0a4-7d39-a84e-12cd903bf8f6","2519856336","مد راسل خان","","","019c18d5-62e1-7000-8000-000000000003","3","False"
"01a0bf9d-e099-7972-a469-12dfe402d2de","2601752187","زين العابدين منوار حسين","","","019c18d5-62e1-7000-8000-000000000003","3","False"
"01a0bf9d-e09b-7f00-9772-12ecbe47601f","2596144739","محمد عبد الله ناصر ناصر","","","019c18d5-62e1-7000-8000-000000000003","3","False"
"01a11139-832b-780b-9376-130d802267db","2654612228","محمود فضل محمد عبداللطيف","","","019c18d5-62e1-7000-8000-000000000005","3","False"
"01a0bf9d-e09e-713d-b95f-1326def6317c","2565223969","عبده راضي عبد الغفار عماره","","","019c18d5-62e1-7000-8000-000000000003","3","False"
"01a0bf9d-e0a6-7d7a-a48c-132a21d76073","2192403117","عبدالرحمن احمد جابر محمد","","","019c18d5-62e1-7000-8000-000000000003","3","False"
"01a11163-c989-7c4a-88ec-1330e14438c0","2174196580","علي حسن يحي مهاوش","","","019c18d5-62e1-7000-8000-000000000003","3","False"
"01a0bf9d-e0a0-72ca-985e-13378554666b","2597743240","ايمن قدرى يوسف ابو جنديه","","","019c18d5-62e1-7000-8000-000000000003","3","False"
"01a09667-03d1-7d7e-a611-134c6882c8a2","2521027264","احمد صالح حسانين جلهوم","","019c18d5-62e1-7000-8000-000000000042","019c18d5-62e1-7000-8000-000000000003","5","False"
"01a0bf9d-e0a0-713b-bf12-13827e7a9658","2370918746","خالد عبدالرحمن دواد","","","019c18d5-62e1-7000-8000-000000000003","3","False"
"01a0bf9d-e0a4-75ae-839f-13f8a36c9de6","2544385020","محفوظ مياه","","","019c18d5-62e1-7000-8000-000000000003","3","False"
"01a0bf9d-e0a5-703c-8b69-141bdf7da1cc","2472751524","غلام شابير جمال موتيو جمال","","","019c18d5-62e1-7000-8000-000000000003","3","False"
"01a0bf9d-e09d-7bfc-a93d-141cf0d95a83","2612921706","محمد نحمده سعيد كامل","","","019c18d5-62e1-7000-8000-000000000003","3","False"
"01a09667-03d7-7251-a69e-143b74c8159d","2547821708","مد بابو ل مياه","","","019c18d5-62e1-7000-8000-000000000003","6","False"
"01a09667-03d6-7805-a9cb-143ed793d6bb","2624714123","حسن سيد عبدالحميد حسن","","019c18d5-62e1-7000-8000-000000000042","019c18d5-62e1-7000-8000-000000000005","3","False"
"01a0bf9d-e09f-7021-b449-146942639b7c","2453800233","اسماعيل علي مهدي الشعثمي","","","019c18d5-62e1-7000-8000-000000000003","3","False"
"01a09667-03ce-755a-8b43-14901b45cf97","2602833002","IMTIAZ MAHMUD NAHID","","019c18d5-62e1-7000-8000-000000000041","019c18d5-62e1-7000-8000-000000000003","3","False"
"01a09667-03ce-77e7-96c6-14a1b9aa032e","2604909248","MD MEHIDI HOSEN","","019c18d5-62e1-7000-8000-000000000041","019c18d5-62e1-7000-8000-000000000003","3","False"
"01a0bf9d-e09f-7554-a533-14b994416235","2633912775","ياسر عبدالله ظريف عبدالقادر","","","019c18d5-62e1-7000-8000-000000000003","3","False"
"01a0bf9d-e0a1-7b6f-af9c-14baf660c472","2139521666","عبدالله شفيق ميلاد","","","019c18d5-62e1-7000-8000-000000000003","3","False"
"01a0bf9d-e0a7-72b9-96f5-14c3b8ac0151","2135017529","عادل عبده سليمان عطيف","","","019c18d5-62e1-7000-8000-000000000003","3","False"
"01a0bf9d-e0a2-716a-9bf4-14eb7edf1bf8","2338974914","هنشاد علي اربراتوديكا عمر","","","019c18d5-62e1-7000-8000-000000000003","3","False"
"01a0bf9d-e098-7dd7-a99d-152a9ff459cd","2441999220","عبدالرحمن علي يحي القطافي","","","019c18d5-62e1-7000-8000-000000000003","3","False"
"01a0bf9d-e09d-79c7-ac94-1555261b3238","2626394601","محمد عبدالله احمد حموده","","","019c18d5-62e1-7000-8000-000000000003","3","False"
"01a0bf9d-e09d-75ee-9416-15a837ad176a","2257502274","هاني عابد عبود خليل","","","019c18d5-62e1-7000-8000-000000000003","3","False"
"01a0bf9d-e0a1-7db8-af2d-15bbf74f82b4","2476856006","عمران صالح احمد صالح المشرقي","","","019c18d5-62e1-7000-8000-000000000003","3","False"
"01a10cf8-194e-7441-8396-15c62838913e","2548850219","نديم شهزاد ياسين غلام","","","019c18d5-62e1-7000-8000-000000000003","3","False"
"01a0bf9d-e09b-729f-9734-15cf40c22653","2588599833","محمود محمد احمد احمد","","","019c18d5-62e1-7000-8000-000000000003","3","False"
"01a09667-03d4-7b1b-8283-15fdf47bf091","2616040024","CHOTON MIA","","019c18d5-62e1-7000-8000-000000000042","019c18d5-62e1-7000-8000-000000000003","3","False"
"01a1106e-2940-76db-8e50-16081bd17dc4","2643840883","حسن حسينى حسن القصاص","","","019c18d5-62e1-7000-8000-000000000003","3","False"
"01a0bf9d-e09d-7629-b3d1-163d4c6bcd2d","2586981074","محمد اشرف محمد الشحات","","","019c18d5-62e1-7000-8000-000000000003","3","False"
"01a0bf9d-e0a5-75fe-abed-164b0f08b266","2503624427","ميزان ال رحمن","","","019c18d5-62e1-7000-8000-000000000003","3","False"
"01a0bf9d-e09f-7a76-953a-16566666ea00","2565339815","نايم شودو شودو","","","019c18d5-62e1-7000-8000-000000000003","3","False"
"01a0bf9d-e099-74f0-9120-165e458102a2","2203437500","محمد وائل عبداللطيف الشامي","","","019c18d5-62e1-7000-8000-000000000003","3","False"
"01a09667-03c8-70c7-96bc-1664c1c13952","2535375196","بدر محمد عبد الله حسين","","019c18d5-62e1-7000-8000-000000000041","019c18d5-62e1-7000-8000-000000000003","3","False"
"01a0bf9d-e098-7a17-a26e-168c96338acb","2630164677","أنيس ال حق","","","019c18d5-62e1-7000-8000-000000000003","3","False"
"01a09667-03d7-77b5-a4d8-16a640e8011e","2574738866","MASUD RANA","","","019c18d5-62e1-7000-8000-000000000003","6","False"
"01a09667-03ce-77cc-a8f3-16ea2547a64e","2603760170","MD RAYHAN KHAN","","019c18d5-62e1-7000-8000-000000000041","019c18d5-62e1-7000-8000-000000000003","3","False"
"01a0bf9d-e09e-777a-90e7-1705e05f7209","2627135433","اسامه فضل محمد عبد الله","","","019c18d5-62e1-7000-8000-000000000003","3","False"
"01a09667-03ce-76a1-9d32-1724e72ee673","2607221690","محمود سالم عبدالوهاب خليفه","","019c18d5-62e1-7000-8000-000000000041","019c18d5-62e1-7000-8000-000000000005","3","False"
"01a0bf9d-e09d-75c7-8de5-172da185d91a","2565276355","محمد شو هاك","","","019c18d5-62e1-7000-8000-000000000003","3","False"
"01a0bf9d-e09e-7c2a-8f12-172f146308a9","2584020586","محمد جمال احمد سلام","","","019c18d5-62e1-7000-8000-000000000003","3","False"
"01a0bf9d-e097-7577-87e8-174546a565d9","2601104405","مد باشو ميا موتيل","","","019c18d5-62e1-7000-8000-000000000003","3","False"
"01a0bf9d-e0a5-75b3-ad54-176a69cd1d77","2502662972","جليل أحمد عبد ال حميد","","","019c18d5-62e1-7000-8000-000000000003","3","False"
"01a0bf9d-e099-7383-a641-176b43280767","2602949279","محمد نافيد محمد اسماعيل","","","019c18d5-62e1-7000-8000-000000000003","3","False"
"01a0bf9d-e0a6-7803-9473-17937b28b22a","2261443051","رفاعي حسين عبداللاه علي","","","019c18d5-62e1-7000-8000-000000000003","3","False"
"01a1115c-f5c1-7b59-ae33-179c00095b4c","2624498941","محمد شكير محمد","","","019c18d5-62e1-7000-8000-000000000003","3","False"
"01a0bf9d-e09f-7e5b-a9c6-17e50f68c3b8","2517027898","أصيل سعيد قاسم عماد","","","019c18d5-62e1-7000-8000-000000000003","3","False"
"01a0bf9d-e0a1-79cc-affe-1817a8598c3b","2535245563","عبد الله عبد الحميد مهيوب محمد","","","019c18d5-62e1-7000-8000-000000000003","3","False"
"01a09667-03d2-7747-abb1-183e209bea23","2575492794","MD RAJA MAHMUD","","019c18d5-62e1-7000-8000-000000000042","019c18d5-62e1-7000-8000-000000000003","8","False"
"01a09667-03d7-72dc-8758-1846479e1d96","2566798431","هانى محى الدين محمد ناصر","","","019c18d5-62e1-7000-8000-000000000003","6","False"
"01a0bf9d-e0a6-7a7c-a35b-184b7ff9f272","2343413429","حميد اسماعيل محمد","","","019c18d5-62e1-7000-8000-000000000003","3","False"
"01a0bf9d-e0a5-7ae6-a79b-187b5efd1ea5","2471126769","محمود عبدالستار محمد عبدالله","","","019c18d5-62e1-7000-8000-000000000003","3","False"
"01a0bf9d-e0a4-7776-804c-18a22e3728ed","2522815642","محبوب باشا شيك","","","019c18d5-62e1-7000-8000-000000000003","3","False"
"01a09667-03d6-79f5-92dc-18a653026603","2517998551","مهد فهم شميم احمد","","","019c18d5-62e1-7000-8000-000000000003","6","False"
"01a0bf9d-e09e-7a2c-8ebc-18b6612748c8","2553239886","محمد ازهر بشير محمد بشير","","","019c18d5-62e1-7000-8000-000000000003","3","False"
"01a0bf9d-e0a2-7584-8713-18bc41618fdb","2344575671","حسين خصر جابر","","","019c18d5-62e1-7000-8000-000000000005","3","False"
"01a09667-03ce-74ab-acd3-18db0c5f2ee1","2601670785","اسماعيل محمد احمد علي","","019c18d5-62e1-7000-8000-000000000041","019c18d5-62e1-7000-8000-000000000003","3","False"
"01a0bf9d-e09e-7c2c-8fb8-18dc94a93c2d","2337457341","ابراهيم كاسي وسي","","","019c18d5-62e1-7000-8000-000000000003","3","False"
"01a0bf9d-e0a6-72a7-98fa-18df94db4f5d","2365819677","عثمان عمر عبد اللة باسوري","","","019c18d5-62e1-7000-8000-000000000003","3","False"
"01a0bf9d-e0a4-732d-a598-18f27c9b18ea","2554879433","سالم خميس سالم عباد","","","019c18d5-62e1-7000-8000-000000000003","3","False"
"01a0bf9d-e0a4-7551-9e28-19170f08e578","2535062091","نعيم ولا صفدر صفدر علي","","","019c18d5-62e1-7000-8000-000000000003","3","False"
"01a09667-03db-7d0c-8f04-1957609feaf9","2629287588","شريف الدين","","019c18d5-62e1-7000-8000-000000000040","019c18d5-62e1-7000-8000-000000000003","3","False"
"01a0bf9d-e09e-7260-a270-195d82b5a49b","2567663022","اشرف رمضان فواد","","","019c18d5-62e1-7000-8000-000000000003","3","False"
"01a0bf9d-e0a0-78f7-9a49-19938282ba13","2612644803","مصطفي فوزي محمد ابراهيم","","","019c18d5-62e1-7000-8000-000000000003","3","False"
"01a09667-03d1-7f08-8831-19960b91ed8a","2545269660","MUHAMMAD SHAHID LATIF MUHAMMAD LATIF","","019c18d5-62e1-7000-8000-000000000042","019c18d5-62e1-7000-8000-000000000003","3","False"
"01a0bf9d-e09e-7b15-8180-19c9ecfddd59","2565382385","محمد على محمد عبد الرحمن","","","019c18d5-62e1-7000-8000-000000000003","3","False"
"01a0bf9d-e0a2-7580-aca7-19ce7f6cf423","2337950279","يوسف قدير رضي","","","019c18d5-62e1-7000-8000-000000000005","3","False"
"01a0bf9d-e0a4-7dd4-83c5-19d8478254df","2549383723","محمد موسين منى","","","019c18d5-62e1-7000-8000-000000000003","3","False"
"01a09667-03d0-7b4b-bcdf-1a09fc08c5b7","2464211263","ABDULLAH MEHBOOB MEHBOOB AHMAD","","019c18d5-62e1-7000-8000-000000000042","019c18d5-62e1-7000-8000-000000000003","3","False"
"01a0bf9d-e09a-7de6-882f-1a172884c264","2127405997","احمد ابكري عثمان صالح","","","019c18d5-62e1-7000-8000-000000000003","3","False"
"01a0bf9d-e099-76f4-8c3b-1a1ace56d013","2633447368","حسن رفعت عبد الحميد محمد","","","019c18d5-62e1-7000-8000-000000000003","3","False"
"01a0bf9d-e098-7d94-a9e4-1a3af266e779","2544361658","عمر محمد السيد","","","019c18d5-62e1-7000-8000-000000000003","3","False"
"01a0bf9d-e09e-7e44-b068-1af21083d612","2461277879","لبيب جابر لبيب عباس","","","019c18d5-62e1-7000-8000-000000000003","3","False"
"01a0bf9d-e0a2-7780-b691-1b081c8b9346","2587024783","عدنان افريدي هارون الرشيد","","","019c18d5-62e1-7000-8000-000000000005","3","False"
"01a0bf9d-e09a-7480-b3b4-1b0d9311ab2b","2408370548","مصطفى حامد يونس","","","019c18d5-62e1-7000-8000-000000000003","3","False"
"01a0bf9d-e09e-7a2c-a3ee-1b0f450c1081","2442798365","حسن عبد العظيم عبدالله احمد","","","019c18d5-62e1-7000-8000-000000000003","3","False"
"01a09667-03c9-78b6-baba-1ba2efde5ec7","2564109326","طه انور السادات احمد محمد","","019c18d5-62e1-7000-8000-000000000041","019c18d5-62e1-7000-8000-000000000005","3","False"
"01a0f19d-4104-7b5c-9d3f-1bda98215d9c","2591462615","عبد الغني صلاح خان","","","019c18d5-62e1-7000-8000-000000000003","3","False"
"01a09667-03db-7419-93f9-1bdeca6fa6a3","2627732189","يسرى ايمن توفيق محمد","","019c18d5-62e1-7000-8000-000000000040","019c18d5-62e1-7000-8000-000000000003","3","False"
"01a10128-b2b9-70a8-bc1b-1bf1b5e57ab5","2529294791","محمد عريف حسين","","","019c18d5-62e1-7000-8000-000000000003","3","False"
"01a0bf9d-e09e-7836-bbb3-1c54eedafeab","2335129470","محمد احمد حسين","","","019c18d5-62e1-7000-8000-000000000003","3","False"
"01a0bf9d-e0a1-7759-99b8-1c6ec2891af3","2370571008","نور عبد الله علي حاج","","","019c18d5-62e1-7000-8000-000000000003","3","False"
"01a0bf9d-e09c-7f4b-b414-1c6ff813cc3f","2518044660","حسام حسن فواد حسن","","","019c18d5-62e1-7000-8000-000000000003","3","False"
"01a0bf9d-e0a1-70e8-9de6-1cad27afef9e","2134645726","فهد نمى الدين نذير علي","","","019c18d5-62e1-7000-8000-000000000003","3","False"
"01a0bf9d-e0a0-75bf-b72d-1cd0bddf8202","2085854087","شريف القطب سعد الجداوي","","","019c18d5-62e1-7000-8000-000000000003","3","False"
"01a0bf9d-e09c-7782-b809-1cef53802192","2525542847","علاء شعبان زكي هديه","","","019c18d5-62e1-7000-8000-000000000003","3","False"
"01a0bf9d-e09f-7e52-8f79-1cf4bc470a85","2554572475","معصار مصلح علي قايد معصار","","","019c18d5-62e1-7000-8000-000000000003","3","False"
"01a09667-03d0-73d3-88a3-1d1bac8d9be8","2341264758","السيد فرج زيدان الشافعي","","019c18d5-62e1-7000-8000-000000000042","019c18d5-62e1-7000-8000-000000000003","3","False"
"01a0bf9d-e098-7d0f-a3a8-1d65fae6e102","2612311494","محمد سفيان","","","019c18d5-62e1-7000-8000-000000000003","3","False"
"01a0bf9d-e09d-7f00-9b7b-1d68e103d8ea","2292337637","محمود رجب على حسنين","","","019c18d5-62e1-7000-8000-000000000003","3","False"
"01a0bf9d-e0a3-72bb-a5d7-1db5d0c8cfd2","2589829817","منصور حسين صادق حسين","","","019c18d5-62e1-7000-8000-000000000003","3","False"
"01a0bf9d-e0a6-7cd5-9198-1df0daa568c5","2348702958","محمد عمر محمد فارع البعداني","","","019c18d5-62e1-7000-8000-000000000003","3","False"
"01a0bf9d-e09f-7f70-8033-1e1fd1884853","2361761493","احسان الله شازمين خان","","","019c18d5-62e1-7000-8000-000000000003","3","False"
"01a0bf9d-e0a4-734f-a0d7-1e4033ecda49","2562738589","احمد علي سليمان محمد","","","019c18d5-62e1-7000-8000-000000000003","3","False"
"01a0bf9d-e09c-75d4-bb39-1e6205da8a6e","2522244314","حسن عبد الوهاب حسن ذيدان","","","019c18d5-62e1-7000-8000-000000000003","3","False"
"01a0f7fb-3443-7ae1-95a0-1e6233b8a6af","2622186183","رشوان عبدالجابر عبد ربه رشوان","","","019c18d5-62e1-7000-8000-000000000003","3","False"
"01a09667-03d3-73c0-8d34-1e7553b9c637","2591985425","محمد خيرى محمد احمد","","019c18d5-62e1-7000-8000-000000000042","019c18d5-62e1-7000-8000-000000000003","3","False"
"01a09667-03d3-7f8d-920f-1f091fa79cad","2591694381","بلال اشرف جابر عابدين","","019c18d5-62e1-7000-8000-000000000042","019c18d5-62e1-7000-8000-000000000003","3","False"
"01a09667-03d8-776a-bbe6-1f3c14ee9653","2601062538","علي محمد علي عطا","","","019c18d5-62e1-7000-8000-000000000003","6","False"
"01a09667-03cd-7cf8-8007-1f5077254887","2600572560","عمرو شريف كامل نافع","","019c18d5-62e1-7000-8000-000000000041","019c18d5-62e1-7000-8000-000000000003","5","False"
"01a0bf9d-e09b-7b53-a559-1f83a01f4767","2540693781","عبدالرحمن غزال كامل عبد الجيد","","","019c18d5-62e1-7000-8000-000000000003","3","False"
"01a09667-03d5-7c16-8916-1f8bf058e159","2618841361","محمد سيد محمد عبدالرحمن","","019c18d5-62e1-7000-8000-000000000042","019c18d5-62e1-7000-8000-000000000003","3","False"
"01a0bf9d-e0a6-7b59-bb3d-1fcee0bae1aa","2351125121","رشيد سلامات","","","019c18d5-62e1-7000-8000-000000000003","3","False"
"01a0bf9d-e0a1-7029-99a8-1ff3822b8abc","2621130901","بسام مجاهد حمود سعيد","","","019c18d5-62e1-7000-8000-000000000003","3","False"
"01a0bf9d-e0a0-7cc6-8514-200680bbe536","2506727821","شفيق من حسين مد","","","019c18d5-62e1-7000-8000-000000000003","3","False"
"01a09667-03c7-7816-88e8-20073472396f","2510966068","محمد احمد احمد محمد","","019c18d5-62e1-7000-8000-000000000041","019c18d5-62e1-7000-8000-000000000005","3","False"
"01a0bf9d-e098-79c4-b21f-2015923e0af7","2594197655","اعزاز الله محمد راز","","","019c18d5-62e1-7000-8000-000000000003","3","False"
"01a0bf9d-e098-7b03-973c-2020c088155a","2512414638","محمد سراج الله","","","019c18d5-62e1-7000-8000-000000000003","3","False"
"01a0bf9d-e09b-7f07-9a2f-20438cc859c8","2500969007","براك سليم برك بازقامه","","","019c18d5-62e1-7000-8000-000000000003","3","False"
"01a0f1c2-9b05-79a5-8cec-204fd81da5a6","2591519554","عرفان ابرو ودان ابرو","","","019c18d5-62e1-7000-8000-000000000003","3","False"
"01a09667-03cc-70ea-b4e1-206a9d69f0a3","2586890804","سامح احمد محمود فهمى","","019c18d5-62e1-7000-8000-000000000041","019c18d5-62e1-7000-8000-000000000003","3","False"
"01a09667-03cb-7807-b336-207d7d081aca","2578632909","محمود مصطفى محمود السعدونى","","019c18d5-62e1-7000-8000-000000000041","019c18d5-62e1-7000-8000-000000000003","3","False"
"01a0bf9d-e0a7-7071-8610-207efd9f76db","2138732330","مصطفي محمد ماكنتا جويري","","","019c18d5-62e1-7000-8000-000000000003","3","False"
"01a0f1b7-525f-78f5-8b89-2084c9924193","2593401421","على حسن خلف محمود","","","019c18d5-62e1-7000-8000-000000000003","3","False"
"01a0bf9d-e09f-7c23-a937-208928747b5b","2462687274","وائل مصطفى الحاج جمعه","","","019c18d5-62e1-7000-8000-000000000003","3","False"
"01a09667-03d8-759c-9369-20bccc4e1db1","2617133745","JAHID - - HOSSAIN","","","019c18d5-62e1-7000-8000-000000000005","6","False"
"01a0bf9d-e09c-73c0-8e05-20cf45bc6fe3","2451821025","محمود علان محمد هيج","","","019c18d5-62e1-7000-8000-000000000003","3","False"
"01a0bf9d-e0a5-7abf-8cb2-20df94040f00","2470579158","محمد سعد مطهر مونس","","","019c18d5-62e1-7000-8000-000000000003","3","False"
"01a0bf9d-e09a-7a9c-a8e4-20ed27155d14","2435795147","محمد عمران","","","019c18d5-62e1-7000-8000-000000000003","3","False"
"01a09667-03cc-7fdb-bdba-213bd880daf4","2586585552","MD DIDAR MEA","","019c18d5-62e1-7000-8000-000000000041","019c18d5-62e1-7000-8000-000000000003","3","False"
"01a0bf9d-e097-7936-8b4e-214806853f36","2515427082","ابوالقاسم محمد ادم عبدالكريم","","","019c18d5-62e1-7000-8000-000000000003","3","False"
"01a0bf9d-e097-754a-958d-219f77dd4a13","2526325499","نازمول حسن","","","019c18d5-62e1-7000-8000-000000000005","3","False"
"01a0bf9d-e0a4-7572-9db7-21a1bd229818","2556324289","غلام مصطفى اكبر محمد","","","019c18d5-62e1-7000-8000-000000000003","3","False"
"01a09667-03cc-7c0c-82a8-21dfd873b02c","2588805370","SIFAT HOSSAN","","019c18d5-62e1-7000-8000-000000000041","019c18d5-62e1-7000-8000-000000000003","3","False"
"01a0bf9d-e09b-78f9-931e-21ecae102a39","2523001663","محمد علي يونس احمد","","","019c18d5-62e1-7000-8000-000000000003","3","False"
"01a0bf9d-e0a0-7dcc-897f-22396b3e23c3","2608987034","عبد الله سجيع محمد رياض","","","019c18d5-62e1-7000-8000-000000000003","3","False"
"01a09667-03cc-74d3-9cd9-226001ff74c0","2588797916","حسن شعبان صابر عبدالجواد","","019c18d5-62e1-7000-8000-000000000041","019c18d5-62e1-7000-8000-000000000003","3","False"
"01a0bf9d-e09b-7c2a-8d3f-226a8ea02d22","2516048390","عبدالرحمن احمد عبدالرحمن عبدالرحيم","","","019c18d5-62e1-7000-8000-000000000003","3","False"
"01a0bf9d-e098-7da2-83a0-226fe858c01e","2532862576","يوسف كريم صالح فاضل","","","019c18d5-62e1-7000-8000-000000000003","3","False"
"01a0bf9d-e099-71d1-b46e-2271549e937c","2571019864","مد عبد ال رحيم","","","019c18d5-62e1-7000-8000-000000000003","3","False"
"01a0bf9d-e09a-7ca5-b41d-227a4bca84bb","2598348767","باسم محمد حسن عبدالله","","","019c18d5-62e1-7000-8000-000000000003","3","False"
"01a0bf9d-e0a2-7db8-943d-23184b4b57c6","2532991409","خليل محمد احمد حسن","","","019c18d5-62e1-7000-8000-000000000003","3","False"
"01a0bf9d-e09b-73a2-8b66-2370badf67ea","2269591588","محمد محمود عبدالوهاب جودة","","","019c18d5-62e1-7000-8000-000000000003","3","False"
"01a0bf9d-e09e-7952-b42a-237ace89bdee","2562289807","محمود مصطفى عبد الستار على","","","019c18d5-62e1-7000-8000-000000000003","3","False"
"01a0bf9d-e0a3-7360-bde2-2387d5ea9b81","2594318947","وزير علي جمالي مونيو جمالي","","","019c18d5-62e1-7000-8000-000000000003","3","False"
"01a0bf9d-e0a6-743e-b59a-239bfe02f89b","2328728585","ابراهيم عبدي محمد","","","019c18d5-62e1-7000-8000-000000000003","3","False"
"01a09667-03d5-705b-bf2c-23b1ce3bf155","2616612368","MD SHOHANUR RAHMAN","","019c18d5-62e1-7000-8000-000000000042","019c18d5-62e1-7000-8000-000000000003","3","False"
"01a0bf9d-e0a6-738b-b8d3-23c294ff2df4","2193883655","ياسر عرفان محمد لطيف","","","019c18d5-62e1-7000-8000-000000000003","3","False"
"01a0bf9d-e097-74f4-894a-23e1449f587f","2458135635","معصوم بالله شهيد مياه","","","019c18d5-62e1-7000-8000-000000000003","3","False"
"01a1107b-6fdc-7bcd-ba42-240f61246a45","2565566003","رسول شيخ","","","019c18d5-62e1-7000-8000-000000000003","3","False"
"01a0bf9d-e09b-7d6d-8745-241dc3ebe42b","2581585029","محمد ابراهيم عبد الفتاح محمد","","","019c18d5-62e1-7000-8000-000000000003","3","False"
"01a0bf9d-e0a5-7d36-8c73-2435f1f9c231","2410991877","محمد غلسان ميا محمد","","","019c18d5-62e1-7000-8000-000000000003","3","False"
"01a09667-03d0-787b-a87f-24955589e31b","2641773193","MUHAMMAD WAQAS SAIF ULLAH","","019c18d5-62e1-7000-8000-000000000041","019c18d5-62e1-7000-8000-000000000003","3","False"
"01a0e88c-a7d7-7d4c-9a8c-24ba06a0e565","2527090464","عبدالله ربيع محمد محمد","","","019c18d5-62e1-7000-8000-000000000003","3","False"
"01a09667-03cb-75cd-915f-24c8333e850a","2579041746","MD YOUNUS KHAN","","019c18d5-62e1-7000-8000-000000000041","019c18d5-62e1-7000-8000-000000000003","3","False"
"01a0bf9d-e0a5-71ae-a4ab-24c9a435e28b","2429361757","عمران أيهمد سيراز أيهمد","","","019c18d5-62e1-7000-8000-000000000003","3","False"
"01a09667-03d1-7f00-afd1-24d58f93cc81","2532744329","FARUL MIAH","","019c18d5-62e1-7000-8000-000000000042","019c18d5-62e1-7000-8000-000000000003","3","False"
"01a0bf9d-e09b-78ad-aa7e-24d6b599d5f4","2522506985","ياسر محمد عون محمد","","","019c18d5-62e1-7000-8000-000000000003","3","False"
"01a09667-03d1-7aa3-93f6-24df3c5974aa","2550771675","ابراهيم محمود محمد مصطفي","","019c18d5-62e1-7000-8000-000000000042","019c18d5-62e1-7000-8000-000000000003","3","False"
"01a0bf9d-e098-7f90-8a28-2501359a7a5d","2643650969","ياسين محمد العالم احمد محمد","","","019c18d5-62e1-7000-8000-000000000003","3","False"
"01a09667-03d8-732d-bf21-2510219d0c25","2604608402","عمار ياسر حلمي حسن","","","019c18d5-62e1-7000-8000-000000000003","6","False"
"01a0bf9d-e0a5-78b4-ba01-252cf1f21a70","2443206541","نصر الدين احمد عثمان","","","019c18d5-62e1-7000-8000-000000000003","3","False"
"01a09667-03d9-7a0c-96e2-2560fa5161dd","2559726142","محمد عارف عارف محمد","","","019c18d5-62e1-7000-8000-000000000003","6","False"
"01a09667-03c8-7dff-acf4-256852f90f8c","2519473512","MD RASEL MOLLA","","019c18d5-62e1-7000-8000-000000000041","019c18d5-62e1-7000-8000-000000000003","3","False"
"01a0f2e0-2e44-75f0-aa2b-25bbf0da32ea","2620726576","محمود صلاح محمود احمد","","","019c18d5-62e1-7000-8000-000000000003","3","False"
"01a09667-03db-7148-b3d7-25c2c8e62afa","2627732478","نور جمال بدوى طه","","019c18d5-62e1-7000-8000-000000000040","019c18d5-62e1-7000-8000-000000000005","3","False"
"01a0f19f-a82c-7503-8a64-25f5aca665a1","2436155150","غلام مصطفى محمد يوناش","","","019c18d5-62e1-7000-8000-000000000003","3","False"
"01a0bf9d-e0a3-7f8c-a245-25fb3a905ccd","2575182759","أحمد محمد شمس الدين عبد الماجد","","","019c18d5-62e1-7000-8000-000000000003","3","False"
"01a0bf9d-e099-756e-bcd0-25fce93525c8","2596404489","يوسف شعبان محمد كيلاني","","","019c18d5-62e1-7000-8000-000000000005","3","False"
"01a0bf9d-e0a6-7edb-9bd1-26343370ad0e","2343043002","عيسي مصطفي ريتا","","","019c18d5-62e1-7000-8000-000000000003","3","False"
"01a0bf9d-e0a4-76d1-a045-2636799a81f4","2539354528","ريان محمد علي هادي المجديلي","","","019c18d5-62e1-7000-8000-000000000003","3","False"
"01a0bf9d-e0a0-7cd9-b906-266318cf0b85","2639774948","مصطفي عبد الحميد مصطفي عبدالعال","","","019c18d5-62e1-7000-8000-000000000003","3","False"
"01a09667-03da-71fe-b081-26880b6fbbe8","2583482852","احمد احمد سعد علي","","019c18d5-62e1-7000-8000-000000000040","019c18d5-62e1-7000-8000-000000000003","3","False"
"01a0bf9d-e0a5-7d63-bb77-26960d67b5de","2432264816","احمد يونس ابراهيم","","","019c18d5-62e1-7000-8000-000000000003","3","False"
"01a09667-03cd-73ae-b181-269a5428007a","2597443189","SHAHZAD IQBAL MUHAMMAD IQBAL","","019c18d5-62e1-7000-8000-000000000041","019c18d5-62e1-7000-8000-000000000003","3","False"
"01a09667-03ca-7bbe-991d-27146c821dd2","2564153589","HAMJALA AHMAD","","019c18d5-62e1-7000-8000-000000000041","019c18d5-62e1-7000-8000-000000000003","3","False"
"01a0bf9d-e0a0-7b12-b202-2745989e2c86","2348807468","سعيد حسن","","","019c18d5-62e1-7000-8000-000000000003","3","False"
"01a0bf9d-e09e-7d5f-bd1a-277af651412d","2632558645","خالد صالح على مرسي","","","019c18d5-62e1-7000-8000-000000000003","3","False"
"01a0bf9d-e0a1-713d-9025-27b218f5b6fa","2600720441","حسن محمد حسن حسن","","","019c18d5-62e1-7000-8000-000000000003","3","False"
"01a0bf9d-e09a-7b8d-bc89-27db309fcf27","2468112921","مصطفي عبدالمجيد اسماعيل","","","019c18d5-62e1-7000-8000-000000000003","3","False"
"01a0bf9d-e09a-754e-9567-27f663b8ad6a","2599114408","احمد محمد علي حسين","","","019c18d5-62e1-7000-8000-000000000003","3","False"
"01a0bf9d-e099-7334-acf8-280ba3627fa5","2615181292","احمد عمر مهدي ابراهيم السعفاف","","","019c18d5-62e1-7000-8000-000000000003","3","False"
"01a11664-b9e2-7322-b698-2850a11da0dd","2489517926","عبد الكريم عبد الله احمد محمد","","","019c18d5-62e1-7000-8000-000000000003","3","False"
"01a09667-03d4-7bdd-8614-288ffd8cd456","2615930167","احمد عاطف عبد الرشيد محمد","","019c18d5-62e1-7000-8000-000000000042","019c18d5-62e1-7000-8000-000000000003","3","False"
"01a0bf9d-e09d-7a79-99f0-289e3592b4b7","2566567711","هاني محمود منصور محمد","","","019c18d5-62e1-7000-8000-000000000003","3","False"
"01a0bf9d-e0a1-782d-aa6d-28c460d06f73","2468916677","بشير محمد عبده مثنى الحبري","","","019c18d5-62e1-7000-8000-000000000003","3","False"
"01a0bf9d-e0a3-7e0b-a1a5-28da33b0a30e","2549020267","احمد حلمى محمد عماره","","","019c18d5-62e1-7000-8000-000000000005","3","False"
"01a0bf9d-e0a5-7300-9747-28dfb1cbebc4","2473759443","علي مغيري شاهد حسين مغيري","","","019c18d5-62e1-7000-8000-000000000003","3","False"
"01a0bf9d-e0a7-7638-a8f6-28e38dd5fc25","2536722909","اسامه عبدالله حسن عبدالله","","","019c18d5-62e1-7000-8000-000000000005","3","False"
"01a0bf9d-e099-782b-b788-290faa000109","2590163917","غلام مصطفى غلام فريد","","","019c18d5-62e1-7000-8000-000000000003","3","False"
"01a0bf9d-e09f-7539-af96-29270030d86c","2641939877","جثيم خان خان همايون","","","019c18d5-62e1-7000-8000-000000000003","3","False"
"01a0f732-4d19-7500-98a8-29283517983f","2236532228","محمد فوزى عبدالعزيز الحصرى","","","019c18d5-62e1-7000-8000-000000000003","3","False"
"01a0bf9d-e0a6-785a-882b-297c0f6021a2","2288352103","عبد الرزاق حسين عمر شيخ","","","019c18d5-62e1-7000-8000-000000000003","3","False"
"01a0bf9d-e0a6-7659-8444-2989ed121ec7","2240484226","شوهيل – كمال مياه","","","019c18d5-62e1-7000-8000-000000000003","3","False"
"01a0bf9d-e0a5-73f1-9c3a-29abbe377a20","2412109908","عبد الله محمد احمد عبد الله","","","019c18d5-62e1-7000-8000-000000000003","3","False"
"01a09667-03d0-71a3-88aa-29aefc6d10b3","2352329052","عبدالعزيز محمد ثابت مقبل","","019c18d5-62e1-7000-8000-000000000042","019c18d5-62e1-7000-8000-000000000005","3","False"
"01a0bf9d-e0a2-7755-8786-29af63e300e3","2251786147","رجب علوى ابراهيم ابوفاطمه","","","019c18d5-62e1-7000-8000-000000000005","3","False"
"01a0bf9d-e097-70bd-bf3c-29bb75dd54bc","2594142644","ابراهيم عادل ابراهيم علي","","","019c18d5-62e1-7000-8000-000000000003","3","False"
"01a0bf9d-e0a2-7d23-96c4-29c926ffabce","2361227891","اسلام الدين محمد عبدالموتين","","","019c18d5-62e1-7000-8000-000000000005","3","False"
"01a0bf9d-e0a1-7825-b717-29d0461ec837","2344451212","عبدالله احمد احمد الفروي","","","019c18d5-62e1-7000-8000-000000000003","3","False"
"01a0bf9d-e0a4-7586-8c54-29d532ebfc48","2520488772","محمد ربيع ال أوسين","","","019c18d5-62e1-7000-8000-000000000003","3","False"
"01a0bf9d-e0a3-70e4-bed1-2a1fc60e641e","2575004003","جنيد رسول اختر رسول","","","019c18d5-62e1-7000-8000-000000000003","3","False"
"01a09667-03d6-74d0-9f7e-2a245a884630","2624498370","جميل فتحى محمود شندى","","019c18d5-62e1-7000-8000-000000000042","019c18d5-62e1-7000-8000-000000000005","3","False"
"01a0bf9d-e0a4-79b3-b18a-2a56ae8f82f0","2538531704","موسى وحيد باكش","","","019c18d5-62e1-7000-8000-000000000003","3","False"
"01a09667-03d8-7859-a07d-2a8ef09eb590","2589621826","سعد محمد حامد محمود","","019c18d5-62e1-7000-8000-000000000042","019c18d5-62e1-7000-8000-000000000003","6","False"
"01a0bf9d-e0a1-71f1-b05c-2a9783911ecf","2627282136","ياسين على عبداللطيف علام","","","019c18d5-62e1-7000-8000-000000000003","3","False"
"01a0d304-9705-7dfc-b5e5-2aa93ff7435a","2559562059","محمد اسماعيل ابراهيم عبد الله","","019c18d5-62e1-7000-8000-000000000040","019c18d5-62e1-7000-8000-000000000003","3","False"
"01a0bf9d-e09c-77d3-a23b-2ad40d5f2c4b","2456411772","اسماعيل عبد المجيد اسماعيل","","","019c18d5-62e1-7000-8000-000000000003","3","False"
"01a09667-03d8-76fd-8706-2b344ffb98d1","2603742103","صالح محمد محسن اليوسفي","","","019c18d5-62e1-7000-8000-000000000003","6","False"
"01a09667-03d5-7b42-9a9f-2b64b16ba1fe","2618863134","MD NIZAM","","019c18d5-62e1-7000-8000-000000000042","019c18d5-62e1-7000-8000-000000000003","3","False"
"01a0bf9d-e098-784e-a765-2b7664c85662","2564115521","مد شميم ميا","","","019c18d5-62e1-7000-8000-000000000003","3","False"
"01a0bf9d-e09b-782e-90a4-2ba76ff3f51c","2418771297","جايد جايد نصير","","","019c18d5-62e1-7000-8000-000000000003","3","False"
"01a0bf9d-e09c-7ec3-9351-2bda817166f8","2466466303","اسامة فتح الرحمن عبدالله السيد","","","019c18d5-62e1-7000-8000-000000000003","3","False"
"01a09667-03c7-737c-b340-2bdc5f1c4285","2503619484","ابراهيم يعقوب يحي يعقوب","","019c18d5-62e1-7000-8000-000000000041","019c18d5-62e1-7000-8000-000000000003","3","False"
"01a1112e-44c1-76f9-94b0-2be1330979a0","2643360973","باسم وجيه عبد الرشيد","","019c18d5-62e1-7000-8000-000000000040","","1","False"
"01a09667-03c9-7f68-bab9-2c356ea4132f","2561839925","NACIRUL ISLAM","","019c18d5-62e1-7000-8000-000000000041","019c18d5-62e1-7000-8000-000000000003","3","False"
"01a0bf9d-e09b-74a3-848f-2c55df638ea0","2207538527","احمد عثمان سليمان اسماعيل","","","019c18d5-62e1-7000-8000-000000000003","3","False"
"01a0bf9d-e09d-7c6f-9cd4-2c644c032b05","2589836499","محمود احمد عبدالستار عبدالصمد","","","019c18d5-62e1-7000-8000-000000000003","3","False"
"01a09667-03ca-790a-81a5-2c93409b7b84","2577093202","MOHAMMAD SHORIF UDDIN KHAN","","019c18d5-62e1-7000-8000-000000000041","019c18d5-62e1-7000-8000-000000000003","3","False"
"01a0bf9d-e099-7443-b8da-2ca9acc8ce97","2517921975","سارتج خان سياي منير","","","019c18d5-62e1-7000-8000-000000000003","3","False"
"01a0bf9d-e09c-7d9a-b2e2-2cb9f583a02c","2081285526","محمدعبدة عبدالله الوصابي","","","019c18d5-62e1-7000-8000-000000000003","3","False"
"01a0bf9d-e0a1-7c8d-ab95-2d2a88fac75a","2591248188","وليد ابو بكر محمد عيد","","","019c18d5-62e1-7000-8000-000000000003","3","False"
"01a0bf9d-e09e-7ab6-b584-2d344606f782","2342669690","محمد محمد حسن اسماعيل زيد","","","019c18d5-62e1-7000-8000-000000000003","3","False"
"01a09667-03d2-7929-9f11-2dae01489adc","2577524115","MUHAMMAD KHAIRUL","","019c18d5-62e1-7000-8000-000000000042","019c18d5-62e1-7000-8000-000000000005","3","False"
"01a102d2-aac9-78ad-aaa8-2db3eae492ab","2549890149","عبدالعظيم السيد عبدالعظيم السيد","","","019c18d5-62e1-7000-8000-000000000005","3","False"
"01a0bf9d-e0a3-7ec0-ad6a-2db680b10058","2591840737","رحمان احمد يحيى محمد","","","019c18d5-62e1-7000-8000-000000000003","3","False"
"01a0bf9d-e09f-789b-9aae-2dc33302ebcd","2347059640","خضرفينتا مولا","","","019c18d5-62e1-7000-8000-000000000003","3","False"
"c55df91b-f252-4b36-bd72-2dda1e2a49c0","2539559241","مد مهين حسين","","","","1","False"
"01a09667-03cc-771b-b946-2de54ec86ebb","2589135447","عصام محمد حسني ابراهيم","","019c18d5-62e1-7000-8000-000000000041","019c18d5-62e1-7000-8000-000000000005","3","False"
"01a0bf9d-e09a-7561-b031-2deb48cc6cfd","2496758146","مد شهيد حسين","","","019c18d5-62e1-7000-8000-000000000003","3","False"
"01a0bf9d-e0a6-778e-99e6-2e30fb06e7f3","2346979236","هارون حسن محمد قائد","","","019c18d5-62e1-7000-8000-000000000003","3","False"
"01a0bf9d-e0a4-7410-96ad-2ea48ded454b","2569680180","سليمان اسرار حسين حسين","","","019c18d5-62e1-7000-8000-000000000003","3","False"
"01a0bf9d-e09f-79d4-908a-2eefb6f2f23f","2379993682","وليد عبد القيوم سعيد خير السيد","","","019c18d5-62e1-7000-8000-000000000003","3","False"
"01a0bf9d-e09d-7c7c-8625-2eefba20bc7b","2506165972","ايمن صابر عبد الخالق الدجوي","","","019c18d5-62e1-7000-8000-000000000003","3","False"
"01a09667-03ce-7ab8-bad0-2efa621fb35a","2600766493","زياد محمود فؤاد على","","019c18d5-62e1-7000-8000-000000000041","019c18d5-62e1-7000-8000-000000000003","3","False"
"01a0bf9d-e0a4-72fa-9aec-2f3ab942438f","2556912877","مد محمد فضلور الرحمن اسماعيل","","","019c18d5-62e1-7000-8000-000000000003","3","False"
"01a09667-03d0-7806-8e50-2f4d3662781d","2509950487","BABUL ROFIQUE","","019c18d5-62e1-7000-8000-000000000042","019c18d5-62e1-7000-8000-000000000003","3","False"
"01a0bf9d-e0a4-7f52-aa20-2ff09cbc2074","2548832969","ألطاف حسين مغيري ممتاز مغيري","","","019c18d5-62e1-7000-8000-000000000003","3","False"
"01a0bf9d-e09e-7598-bdd6-304014ac8585","2610471787","مد عمران بلال حسين","","","019c18d5-62e1-7000-8000-000000000003","3","False"
"01a0bf9d-e0a2-7053-8c60-3058a3daaa86","2406396040","محمد سيف ال اسلام","","","019c18d5-62e1-7000-8000-000000000003","3","False"
"01a09667-03ce-7767-bf94-306998141b29","2606853394","SAMIUR RAHMAN SHAUN","","019c18d5-62e1-7000-8000-000000000041","019c18d5-62e1-7000-8000-000000000003","3","False"
"01a0bf9d-e09b-7943-881a-3078ebceaf39","2498888649","عاصم محمد محمد سعد","","","019c18d5-62e1-7000-8000-000000000003","3","False"
"01a09667-03cc-7bfc-8e65-307ff0b24b89","2591951724","محمد علي عبد الجيد عبد الغني","","019c18d5-62e1-7000-8000-000000000041","019c18d5-62e1-7000-8000-000000000003","3","False"
"01a09667-03c7-7625-baa3-3084ca289743","2490507635","ابراهيم احمد سيد عبد العظيم","","019c18d5-62e1-7000-8000-000000000041","019c18d5-62e1-7000-8000-000000000003","3","False"
"01a09667-03c9-7dbe-b4fe-309ffa93e8df","2558578205","MD MONIR HOSSEN","","019c18d5-62e1-7000-8000-000000000041","019c18d5-62e1-7000-8000-000000000003","3","False"
"01a0bf9d-e0a1-7a62-98b5-30a4b98e2bb5","2583439316","عبدالله حسين عمر حجري","","","019c18d5-62e1-7000-8000-000000000003","3","False"
"01a0bf9d-e09c-7380-a9e2-30e9e0034d77","2359963879","محمد احمد ناجي عبدالقوي","","","019c18d5-62e1-7000-8000-000000000003","3","False"
"01a09667-03ce-7a07-b591-30f7f48f7454","2609582792","يم دي جاسم يم دي بادشا","","","019c18d5-62e1-7000-8000-000000000003","3","False"
"01a0bf9d-e0a6-7c47-bd3a-311b618ab811","2293175259","اولي عبد ال منان بانو","","","019c18d5-62e1-7000-8000-000000000003","3","False"
"01a0bf9d-e0a1-7230-8500-3130e08b3712","2486823079","احمد خلف حسنى بخيت","","","019c18d5-62e1-7000-8000-000000000003","3","False"
"01a09667-03da-73ec-be6e-317cf1b30994","2627814938","ربيع سليمان على عبدالله","","","019c18d5-62e1-7000-8000-000000000005","6","False"
"01a09667-03d4-7414-8831-31b528d5bea7","2615982051","MD RIPON MIA","","019c18d5-62e1-7000-8000-000000000042","019c18d5-62e1-7000-8000-000000000005","3","False"
"01a09667-03d1-7217-b353-31c703d40e05","2530793047","MOHAMED SHAFRAZ M FAZIM","","019c18d5-62e1-7000-8000-000000000042","019c18d5-62e1-7000-8000-000000000003","3","False"
"01a0bf9d-e09e-74b5-a0b6-3219c0cb50a6","2330465986","احمد عبدالمنعم الشحات عطيه","","","019c18d5-62e1-7000-8000-000000000003","3","False"
"01a0bf9d-e098-7703-8216-32463c4b2d62","2596942694","مصطفى عبد الوهاب ابو طالب","","","019c18d5-62e1-7000-8000-000000000003","3","False"
"01a0bf9d-e097-72fc-9fb1-325b2dc199d5","2190118469","محمد سليمان محمد الياس","","","019c18d5-62e1-7000-8000-000000000003","3","False"
"01a09667-03d2-7cac-b80a-327e0ed7b34d","2574089484","MOHAMMAD RIYADH UDDIN","","019c18d5-62e1-7000-8000-000000000042","019c18d5-62e1-7000-8000-000000000003","5","False"
"01a0f2ba-70cf-7610-889e-32995be922a3","2073824191","نيازي النور محمد","","","019c18d5-62e1-7000-8000-000000000003","3","False"
"01a09667-03c8-7bb5-b91b-32e2c407eb4f","2528975028","MOHAMED THASRIF SALAHUDEEN","","019c18d5-62e1-7000-8000-000000000041","019c18d5-62e1-7000-8000-000000000003","5","False"
"01a0bf9d-e09d-7f14-932b-3314458f9ad1","2477164921","جمال عبد الناصر محمد علي","","","019c18d5-62e1-7000-8000-000000000003","3","False"
"01a09667-03cf-7e52-813a-3327ee8b88ea","2613681937","FAYYAZ AHMAD MUHAMMAD ANWAR","","019c18d5-62e1-7000-8000-000000000041","019c18d5-62e1-7000-8000-000000000003","3","False"
"01a09667-03c6-7558-ba3b-3343fb5f7a87","2425236102","احمد سمير مندوه عبد المجيد","","019c18d5-62e1-7000-8000-000000000041","019c18d5-62e1-7000-8000-000000000003","8","False"
"01a0bf9d-e0a4-7eee-a9e7-339801f018ca","2518863499","كيشور ماناكاتو فالابيل","","","019c18d5-62e1-7000-8000-000000000003","3","False"
"01a10cab-1214-7f0d-8f49-33abe739d67b","2520781705","أسد الله غلام مصطفى كانديو","","","019c18d5-62e1-7000-8000-000000000003","3","False"
"01a09667-03d3-7291-b1e3-33ec900179bf","2591952813","يوسف عرباوي شحاته محمد","","019c18d5-62e1-7000-8000-000000000042","019c18d5-62e1-7000-8000-000000000003","3","False"
"01a0bf9d-e098-720e-9717-33f5d2281fd3","2332227590","فيصل عمران محمد انور","","","019c18d5-62e1-7000-8000-000000000003","3","False"
"01a0bf9d-e098-7c3c-b501-34008ca7b5fc","2433004609","روبيل علام","","","019c18d5-62e1-7000-8000-000000000003","3","False"
"01a0f2fd-d5af-75c2-aa16-3414063c432e","2432424147","اسماعيل جمال احمد محمد","","","019c18d5-62e1-7000-8000-000000000003","3","False"
"01a0bf9d-e09a-72ce-8dd1-34151be6a2be","2591104639","عنده محمد يمر","","","019c18d5-62e1-7000-8000-000000000003","3","False"
"01a0bf9d-e0a6-7e7b-96d1-346ab25ddc4f","2343630998","محمد علي احمد الخضر المنصوري","","","019c18d5-62e1-7000-8000-000000000003","3","False"
"01a09667-03d0-74c6-8d01-34abe3bfddf3","2512126406","ALTHARIK MUSTHAFA MOHAMMADU IBRAHIM","","019c18d5-62e1-7000-8000-000000000042","019c18d5-62e1-7000-8000-000000000003","3","False"
"01a0f1a3-a410-7782-8c96-34c992384877","2302146481","صالح خليل محمد بشر","","","019c18d5-62e1-7000-8000-000000000003","3","False"
"01a0bf9d-e09b-74d5-a026-351dec4feb62","2554616215","عبدالرحمن محمد يوسف سليمان","","","019c18d5-62e1-7000-8000-000000000003","3","False"
"01a0bf9d-e0a5-7edf-ba9e-35327566cc53","2516966013","صالح علي محمد صالح","","","019c18d5-62e1-7000-8000-000000000003","3","False"
"01a0bf9d-e09b-761d-b156-3546eecf4def","2613198387","اسامه راشد جابر المخلافي","","","019c18d5-62e1-7000-8000-000000000003","3","False"
"01a0bf9d-e09d-72da-bc31-354c4a15fb19","2601364959","احمد فتحي حسن محمد","","","019c18d5-62e1-7000-8000-000000000003","3","False"
"01a0bf9d-e0a0-72c5-89d7-354e0ce3a208","2590128555","زايد مصطفى سيد عبد النظير","","","019c18d5-62e1-7000-8000-000000000003","3","False"
"01a106c9-e67c-7fd8-b500-356c3a3c764a","2527199315","رضا محمد رمزي حفيظ","","","019c18d5-62e1-7000-8000-000000000003","3","False"
"01a0bf9d-e098-7517-9915-357860570e04","2623406234","محمود نصر الدين السيد نور الدين","","","019c18d5-62e1-7000-8000-000000000003","3","False"
"01a0bf9d-e09f-76c4-be12-358f0cddcdcc","2506998737","سونيل نيبالي","","","019c18d5-62e1-7000-8000-000000000003","3","False"
"01a0bf9d-e0a3-72a5-9b50-35eb40d9d2aa","2572682751","جميل حسين حسين الحسين","","","019c18d5-62e1-7000-8000-000000000003","3","False"
"01a09667-03d3-7b7a-b4ea-3623bea3dff9","2588827796","محمود حماده قرني قطب","","019c18d5-62e1-7000-8000-000000000042","019c18d5-62e1-7000-8000-000000000003","3","False"
"01a09667-03cc-77f5-9508-363a65c1d5b1","2590887804","MD ISMAIL","","019c18d5-62e1-7000-8000-000000000041","019c18d5-62e1-7000-8000-000000000003","3","False"
"01a0bf9d-e0a1-740a-ac61-364eea7c2686","2623969868","احمد طلعت محمد احمد","","","019c18d5-62e1-7000-8000-000000000003","3","False"
"01a0f190-7397-73b2-8845-3691072e2d44","2597636543","جمال أوسين","","","019c18d5-62e1-7000-8000-000000000003","3","False"
"01a0bf9d-e0a2-7ced-8c9d-36987b4ff47c","2400073710","مبارك مبارك","","","019c18d5-62e1-7000-8000-000000000005","3","False"
"01a0bf9d-e099-7f44-a999-36b8b0421614","2579526738","رياض ال اسلام رياض ال اسلام","","","019c18d5-62e1-7000-8000-000000000003","3","False"
"01a0bf9d-e09b-7973-af37-3769189832af","2502994607","محمد رجب قرني عثمان","","","019c18d5-62e1-7000-8000-000000000003","3","False"
"01a09667-03cd-7bcf-82d0-376b9198bad7","2593134451","MD MORSALIN","","019c18d5-62e1-7000-8000-000000000041","019c18d5-62e1-7000-8000-000000000003","3","False"
"01a0bf9d-e09f-7edd-b198-38b20b5a3ab6","2179135450","مراد أحمد - محمد","","","019c18d5-62e1-7000-8000-000000000003","3","False"
"01a09667-03d9-795a-ad08-3904aa6400ea","2572701353","احمد حسام جلال السراجى","","","019c18d5-62e1-7000-8000-000000000003","6","False"
"01a0bf9d-e099-7a08-8a6a-3918a07e5c87","2555312608","محمد عبد المعز جمال الدين قاسم","","","019c18d5-62e1-7000-8000-000000000003","3","False"
"01a0bf9d-e099-7395-a6f6-3925ea8b487a","2509223315","حماد اختر اختر علي","","","019c18d5-62e1-7000-8000-000000000003","3","False"
"01a09667-03cd-7725-afe2-3943ad920e5f","2594172286","ARFAN ALI SHAH ARIF SHAH","","019c18d5-62e1-7000-8000-000000000041","019c18d5-62e1-7000-8000-000000000003","3","False"
"01a0bf9d-e0a0-78b1-8bbd-397c7058944b","2508808066","محمد عبدالله السيد حسين","","","019c18d5-62e1-7000-8000-000000000003","3","False"
"01a0bf9d-e099-7953-ba5e-39a12167530d","2592667584","محمد أرسلان أشرف محمد أشرف","","","019c18d5-62e1-7000-8000-000000000005","3","False"
"01a116be-0308-787c-bae2-39a20d6db787","2374439533","رمزي سعيد ناجي منصور","","","019c18d5-62e1-7000-8000-000000000003","3","False"
"01a09667-03d3-7325-9c4b-39d817557b47","2590609364","محمد ابراهيم عبدالكريم عبدالله","","019c18d5-62e1-7000-8000-000000000042","019c18d5-62e1-7000-8000-000000000003","3","False"
"01a0bf9d-e0a0-7869-8bbe-39f8b7a1f97d","2578405611","عمر تاسو موتما","","","019c18d5-62e1-7000-8000-000000000003","3","False"
"01a09667-03d1-7619-a043-39ff20d8adea","2558101875","محمد احمد سيد عبدالعظيم","","019c18d5-62e1-7000-8000-000000000042","019c18d5-62e1-7000-8000-000000000003","3","False"
"01a0bf9d-e09f-7d81-ab21-3a20ae08aa6c","2492838038","محمد خالد علي محمد","","","019c18d5-62e1-7000-8000-000000000003","3","False"
"01a0bf9d-e098-7a63-8996-3a64c4d1aac7","2621386362","متولي محمد متولي محمد","","","019c18d5-62e1-7000-8000-000000000005","3","False"
"01a0bf9d-e09c-73ca-afb1-3a867d238d56","2424530083","حامد رمضان حامد أحمد","","","019c18d5-62e1-7000-8000-000000000003","3","False"
"01a0bf9d-e0a2-74d0-879f-3ab59b60d727","2263770576","محمد محمد محمود احمد","","","019c18d5-62e1-7000-8000-000000000003","3","False"
"01a09667-03d5-7454-97bc-3aeb3fcc59bc","2621225396","مصطفى محمد محمد سعيد","","019c18d5-62e1-7000-8000-000000000042","019c18d5-62e1-7000-8000-000000000003","3","False"
"01a0bf9d-e0a2-71aa-b767-3af2aa509c75","2515725014","باسم صالح عبده علي","","","019c18d5-62e1-7000-8000-000000000003","3","False"
"01a0bf9d-e0a5-7db4-b797-3b01bd74b424","2445874981","خضر عبد المحسن يوسف ميرغني","","","019c18d5-62e1-7000-8000-000000000003","3","False"
"01a09667-03d7-7b12-90ee-3b3126fa5e21","2559699216","محمد احمد السعيد شريف","","","019c18d5-62e1-7000-8000-000000000003","6","False"
"01a0bf9d-e0a6-73a2-bf4c-3b65d539c890","2404951234","الهادى محمد البلوله على","","","019c18d5-62e1-7000-8000-000000000003","3","False"
"01a09667-03ca-7a1f-8692-3b824d31e58e","2577211945","MUHAMMAD SULEMEN ALI ZIA ULLAH","","019c18d5-62e1-7000-8000-000000000041","019c18d5-62e1-7000-8000-000000000003","3","False"
"01a0bf9d-e09d-7f87-9b82-3baba0c3fa18","2566019457","خير ال اسلام","","","019c18d5-62e1-7000-8000-000000000003","3","False"
"01a0bf9d-e0a3-7eaf-9247-3bfff6040832","2638312997","فياض سعد الدين عبدالرحيم محمد على","","","019c18d5-62e1-7000-8000-000000000003","3","False"
"01a09667-03d4-7750-a092-3c0dcef19bd9","2599549231","ابراهيم محمد محمد كريم","","019c18d5-62e1-7000-8000-000000000042","019c18d5-62e1-7000-8000-000000000005","3","False"
"01a0bf9d-e09e-7f87-a430-3c191bb005fc","2639258447","عماد الدين صالح سيد شيتوي","","","019c18d5-62e1-7000-8000-000000000003","3","False"
"01a09667-03d1-757c-9745-3c1e67fd66f4","2554689162","JUBAYED HOSSAIN","","019c18d5-62e1-7000-8000-000000000042","019c18d5-62e1-7000-8000-000000000003","3","False"
"01a0e3a2-7355-7122-a000-3c26b38923be","2583596669","محمد المصطفي صديق عبدالرحمن","","","019c18d5-62e1-7000-8000-000000000003","3","False"
"01a0bf9d-e09d-73e0-aac2-3c2c2c8d8800","2598650329","محمود مجدي عوض ابراهيم","","","019c18d5-62e1-7000-8000-000000000003","3","False"
"01a0bf9d-e0a0-7ea2-9747-3c561f8be6e5","2371092236","وقار أحمد محمد أنور","","","019c18d5-62e1-7000-8000-000000000003","3","False"
"01a0bf9d-e09f-741c-9f4a-3cbf823ec300","2580937049","عبد الرحمن أحمد نسيم منير","","","019c18d5-62e1-7000-8000-000000000003","3","False"
"01a0bf9d-e0a1-7371-b95a-3d0a5dd20682","2609362534","محمد سهيل محمد سهيل","","","019c18d5-62e1-7000-8000-000000000003","3","False"
"01a09667-03cc-79a6-a25e-3d31cc8762dd","2590110595","محمد رفعت خطاب الدسوقى","","019c18d5-62e1-7000-8000-000000000041","019c18d5-62e1-7000-8000-000000000003","3","False"
"01a0bf9d-e09a-7c96-9c0e-3d4eb9a75a2b","2444228320","عمر محمد علي محسن","","","019c18d5-62e1-7000-8000-000000000003","3","False"
"01a0bf9d-e099-70c8-a42a-3d50cfa9872b","2566497414","ابراهيم محمود محمد علي القادري","","","019c18d5-62e1-7000-8000-000000000005","3","False"
"01a0bf9d-e09f-7087-9ea3-3d5bf86c5431","2192779144","فهمي سعيد عمر باحاج","","","019c18d5-62e1-7000-8000-000000000003","3","False"
"01a09667-03da-7ebe-b66f-3dedc360a7d6","2602433449","IMRAN RAHΜΑΝ","","019c18d5-62e1-7000-8000-000000000040","019c18d5-62e1-7000-8000-000000000003","3","False"
"01a09667-03cb-7b8a-90ae-3e1941350128","2585700301","عبد الرحمن محمود شريف الجمل","","019c18d5-62e1-7000-8000-000000000041","019c18d5-62e1-7000-8000-000000000003","3","False"
"01a0bf9d-e09a-7e9f-943a-3e4015d5462b","2545247880","محمد حامد محمود عبد العظيم","","","019c18d5-62e1-7000-8000-000000000003","3","False"
"01a0bf9d-e09e-7237-9bc4-3e57e9dfc757","2323704763","سعيد ليجاس محمد","","","019c18d5-62e1-7000-8000-000000000003","3","False"
"01a0bf9d-e0a2-7b9a-a997-3e8a16539af6","2592128231","مد ولي ال رحمن","","","019c18d5-62e1-7000-8000-000000000005","3","False"
"01a0f274-ac4e-76c7-9328-3ed083fc1fd0","2543857896","صدام محمد علي عبده","","","019c18d5-62e1-7000-8000-000000000005","3","False"
"01a0bf9d-e09f-714c-8d46-3edd94b925bd","2574685935","علاء عامر محمد ابراهيم","","","019c18d5-62e1-7000-8000-000000000003","3","False"
"01a0bf9d-e09e-71aa-a6f3-3ef6be90f92e","2627216118","حذيفه عبده قايد محمد احمد","","","019c18d5-62e1-7000-8000-000000000003","3","False"
"01a09667-03d6-77d9-a811-3f1aedfb58b3","2623827850","محمود ابراهيم محمود حزيمه","","019c18d5-62e1-7000-8000-000000000042","019c18d5-62e1-7000-8000-000000000005","3","False"
"01a0bf9d-e09f-7cf0-a8e4-3f46ca3d78ae","2464366562","محمد السيد السيد حسبو","","","019c18d5-62e1-7000-8000-000000000003","3","False"
"2313371e-b8af-495f-b6cf-3f91a5dbdc3a","2571191648","مسعود رنا رنا رنا","","","","1","False"
"01a0bf9d-e0a6-7d1c-9448-3fc4781343f6","2319377681","ادم مالكام ادوجنا","","","019c18d5-62e1-7000-8000-000000000003","3","False"
"01a09667-03db-7efa-a433-3ffbe8d26902","2630314744","Md Rahad Hossain","","019c18d5-62e1-7000-8000-000000000040","019c18d5-62e1-7000-8000-000000000005","3","False"
"01a0bf9d-e0a1-7f7d-b451-4006adce21ce","2604617221","محمد فيضل مسعود العريفي","","","019c18d5-62e1-7000-8000-000000000003","3","False"
"01a0bf9d-e09a-759a-ab1f-40490b8b99cf","2612892493","احمد طه احمد حسن","","","019c18d5-62e1-7000-8000-000000000003","3","False"
"01a0bf9d-e0a6-7ebd-999b-404efb0be19c","2392896524","سعد سيرجولاك","","","019c18d5-62e1-7000-8000-000000000003","3","False"
"01a0bf9d-e0a5-7782-b79b-40542a44d63d","2478073006","محمد أنس نذر حسين","","","019c18d5-62e1-7000-8000-000000000003","3","False"
"01a09667-03d3-77f7-971f-40a1387764a6","2584539486","احمد عبدالواحد عبدالمطلب عبدالواحد","","019c18d5-62e1-7000-8000-000000000042","019c18d5-62e1-7000-8000-000000000003","3","False"
"01a0bf9d-e0a5-7024-b950-40a1d02cb1b6","2492876780","محمد ناظم فتح محمد","","","019c18d5-62e1-7000-8000-000000000003","3","False"
"01a09667-03cc-7d2b-8b6d-40ba6b7b0749","2591951823","محمد هاشم محمد اسماعيل","","019c18d5-62e1-7000-8000-000000000041","019c18d5-62e1-7000-8000-000000000003","3","False"
"01a0bf9d-e0a6-7bce-b64d-40f3a68c1787","2399340690","محمد مبارك حسين مانجال","","","019c18d5-62e1-7000-8000-000000000003","3","False"
"01a09667-03d2-71ec-8a37-41007e21286a","2577662378","مجدى رجب ابراهيم على","","019c18d5-62e1-7000-8000-000000000042","019c18d5-62e1-7000-8000-000000000003","5","False"
"01a0bf9d-e0a1-702d-bdf9-41611a0b11aa","2635452341","محمود احمد حجازى جوده","","","019c18d5-62e1-7000-8000-000000000003","3","False"
"01a0bf9d-e09d-782d-99bc-4178cfcf029d","2417377641","سالم جاد علي جاد","","","019c18d5-62e1-7000-8000-000000000003","3","False"
"01a0bf9d-e09e-7455-9cdd-4180baf0d6bf","2312318161","احمد محمد محمد وهدان","","","019c18d5-62e1-7000-8000-000000000003","3","False"
"01a0bf9d-e0a7-7fbd-82de-41e19ba91c54","2600450718","مد عبدالله","","","019c18d5-62e1-7000-8000-000000000003","3","False"
"01a1158e-f3e8-799d-a78a-41e3de2cd46b","2604121166","ماد الدين احسان الله","","","019c18d5-62e1-7000-8000-000000000005","3","False"
"01a0bf9d-e0a2-7bef-b171-41e3deecf9db","2343522948","محمدو ريفاسخان جمال الدين أبو بكر","","","019c18d5-62e1-7000-8000-000000000003","3","False"
"01a0bf9d-e0a4-7cea-8c5e-42975c23c0aa","2527687046","ياسر كمال نور كمال","","","019c18d5-62e1-7000-8000-000000000003","3","False"
"01a0bf9d-e0a2-7db2-a150-4298f6b53e75","2612405650","محمد عويس زاده خان","","","019c18d5-62e1-7000-8000-000000000005","3","False"
"01a0bf9d-e0a2-7d38-8260-4339abb7f1be","2585172527","معتز امام يوسف عبدالرحمن","","","019c18d5-62e1-7000-8000-000000000005","3","False"
"01a09667-03da-7650-8d61-434bdbe396ae","2624402927","رومان ا ميا ا","","","019c18d5-62e1-7000-8000-000000000003","6","False"
"01a0bf9d-e09b-7172-b8bb-4352170bd508","2552056117","تامر احمد عبدالحميد حمزة","","","019c18d5-62e1-7000-8000-000000000003","3","False"
"01a0bf9d-e0a6-77bf-9b39-4376fd1a7557","2332813019","محمد نور ادريس","","","019c18d5-62e1-7000-8000-000000000003","3","False"
"01a0bf9d-e0a1-7262-a5de-438e38ee74dd","2411809763","ميجان ميجان شهيد الله","","","019c18d5-62e1-7000-8000-000000000003","3","False"
"01a0bf9d-e0a1-7979-9d20-439bb14f29ab","2562951018","عمران كاد امبيري كاد امبيري بوليكال","","","019c18d5-62e1-7000-8000-000000000003","3","False"
"01a09667-03cd-7e67-bbf7-43a0d0dfcde3","2598672570","MD GOLAM RABBI","","019c18d5-62e1-7000-8000-000000000041","019c18d5-62e1-7000-8000-000000000003","3","False"
"01a110ad-6917-7d4b-b02b-4422f9e63f02","2644481661","اسلام عبد الناصر حسين حافظ","","","019c18d5-62e1-7000-8000-000000000003","3","False"
"01a0bf9d-e0a6-7818-a12a-4425d56b5ccb","2246864272","اقبال حسين مرفت علي","","","019c18d5-62e1-7000-8000-000000000003","3","False"
"01a0bf9d-e099-71a4-b1c6-442d0cd826b7","2619171495","عرفه احمد عبدالمجيد ابراهيم","","","019c18d5-62e1-7000-8000-000000000005","3","False"
"01a0bf9d-e0a2-741b-9b4b-44576f555378","2574803181","محمود محمد امام الحفني","","","019c18d5-62e1-7000-8000-000000000003","3","False"
"01a0bf9d-e09a-741a-b98d-4480987071ce","2601521707","محمد عطيه السيد علام","","","019c18d5-62e1-7000-8000-000000000003","3","False"
"01a09667-03cf-7558-92b0-44890eda2619","2613903471","WALEED MIRZA","","019c18d5-62e1-7000-8000-000000000041","019c18d5-62e1-7000-8000-000000000003","3","False"
"01a0bf9d-e09c-74d9-94de-449c1e7bde8d","2588871679","سباعي محمد السباعي محمد","","","019c18d5-62e1-7000-8000-000000000003","3","False"
"01a0bf9d-e09f-7eba-b637-449d01e9e2f6","2436278259","محمد نورنبي","","","019c18d5-62e1-7000-8000-000000000003","3","False"
"01a0bf9d-e0a3-712f-865c-44a50eaff0bd","2616813446","سعد جمال علي جلال","","","019c18d5-62e1-7000-8000-000000000005","3","False"
"01a0bf9d-e0a1-794f-8722-44be03673969","2351863564","سعيد علي","","","019c18d5-62e1-7000-8000-000000000003","3","False"
"01a0bf9d-e0a2-7f2e-8dec-44dbc1f4b103","2563420294","ياسين المرابط","","","019c18d5-62e1-7000-8000-000000000005","3","False"
"cdbaa7d1-9025-4ca9-a4c4-44e0fb136664","2555620776","محمد طالب سالامدين","","","","1","False"
"01a0bf9d-e0a6-7d2a-b91d-44f101dfd066","2177252992","روبل مياه مياه حسين","","","019c18d5-62e1-7000-8000-000000000003","3","False"
"01a11661-08ea-70ed-bb9e-4502ceaeed55","2565354772","ال روني","","","019c18d5-62e1-7000-8000-000000000003","3","False"
"01a0bf9d-e09d-73af-9ee5-4536cb70a0d0","2620846358","حمزه ايجاز","","","019c18d5-62e1-7000-8000-000000000003","3","False"
"01a0bf9d-e09b-708f-a81d-453b8d7a0931","2590077778","وليد جابر عبداللطيف عبدالحميد","","","019c18d5-62e1-7000-8000-000000000003","3","False"
"01a09667-03d5-7fce-affd-45542b737d44","2621224373","اسلام خلاف عبدالموجود احمد","","019c18d5-62e1-7000-8000-000000000042","019c18d5-62e1-7000-8000-000000000005","3","False"
"01a0bf9d-e097-7104-bda2-455c1d6f728b","2513118477","ياسين مد تاج ال اسلام","","","019c18d5-62e1-7000-8000-000000000003","3","False"
"01a09667-03d4-7b39-b554-457d93ae7dda","2612089009","محمد جابر ابوزيد حسين","","019c18d5-62e1-7000-8000-000000000042","019c18d5-62e1-7000-8000-000000000003","3","False"
"01a0bf9d-e0a2-763e-bb93-4588971624c0","2461338168","محمد احمد خليل زغلول","","","019c18d5-62e1-7000-8000-000000000005","3","False"
"01a0bf9d-e0a4-709e-83cb-45932617a26d","2523468359","محمد شهزاد فياض عبدل","","","019c18d5-62e1-7000-8000-000000000003","3","False"
"01a0bf9d-e0a6-7a64-b13c-45c3c87ce5d2","2327478232","عليو ابراهيم سيرجا","","","019c18d5-62e1-7000-8000-000000000003","3","False"
"01a0bf9d-e09b-7514-8c41-45cf022581de","2598123459","مصعب عبدالرحمن محمد","","","019c18d5-62e1-7000-8000-000000000003","3","False"
"01a0bf9d-e09e-7e0a-853e-45d7e4e6792d","2171989755","البراء رايد احمد بربوه","","","019c18d5-62e1-7000-8000-000000000003","3","False"
"01a0bf9d-e0a1-7536-90de-45e7fad1791f","2608654535","سليم حسن","","","019c18d5-62e1-7000-8000-000000000003","3","False"
"01a0bf9d-e09d-7fca-b590-463f4b1e3c2f","2578070837","صلاح يحيى أحمد مقبل الحداد","","","019c18d5-62e1-7000-8000-000000000003","3","False"
"01a0bf9d-e0a0-71a9-a533-464c16bdcd81","2186667669","اسماعيل ودو علي","","","019c18d5-62e1-7000-8000-000000000003","3","False"
"01a0bf9d-e0a0-74b5-84cb-46933e74a91d","2301918435","سيد محمد ايلي","","","019c18d5-62e1-7000-8000-000000000003","3","False"
"01a09667-03da-7632-a282-46ce9d0d4dd6","2629565389","سعد جمال سعد عبدالله","","","019c18d5-62e1-7000-8000-000000000005","6","False"
"01a0bf9d-e09e-77a0-86a2-46eb2f7ebd88","2321078558","تنوير احمد مقل محمد ظافير","","","019c18d5-62e1-7000-8000-000000000003","3","False"
"01a0bf9d-e0a1-7e61-b9ba-46ee7df3000c","2341806145","محمد علي نوري","","","019c18d5-62e1-7000-8000-000000000003","3","False"
"01a0f739-f20f-7c2c-a34d-47009e803484","2615622541","شريف عباس محمد","","","019c18d5-62e1-7000-8000-000000000003","3","False"
"01a09667-03d5-7856-90e9-471973110b31","2621484548","MUHAMMAD TAUHEED NAZAR NAZAR HUSSAIN","","019c18d5-62e1-7000-8000-000000000042","019c18d5-62e1-7000-8000-000000000003","3","False"
"01a09667-03cd-7f32-a15a-471d625e8300","2600045476","عادل محمد شمس الدين محمد","","019c18d5-62e1-7000-8000-000000000041","019c18d5-62e1-7000-8000-000000000003","5","False"
"01a09667-03d0-788a-918c-473139850930","2393242371","NOOR ALAM MEHAR ALAM","","019c18d5-62e1-7000-8000-000000000042","019c18d5-62e1-7000-8000-000000000003","3","False"
"01a0bf9d-e0a5-7de5-a804-474b5d05f604","2484058231","ابو حسيب روكي ى","","","019c18d5-62e1-7000-8000-000000000003","3","False"
"01a09667-03d2-786c-abad-474c61914cc8","2582055105","JUNAYED SIDDIQ","","019c18d5-62e1-7000-8000-000000000042","019c18d5-62e1-7000-8000-000000000003","3","False"
"01a09667-03d4-7d2d-a144-474cc0f6ef15","2609815044","MD ABU UZZOL HOSSAIN","","019c18d5-62e1-7000-8000-000000000042","019c18d5-62e1-7000-8000-000000000003","3","False"
"01a0bf9d-e09a-7ac9-9880-476e37ef9ff5","2604234142","صلاح احمد عطوه احمد","","","019c18d5-62e1-7000-8000-000000000003","3","False"
"01a0bf9d-e09b-73b5-b0a7-477f9493c8e1","2527367714","مرزوق عبدالله مرزوق محمود","","","019c18d5-62e1-7000-8000-000000000005","3","False"
"01a09667-03cd-76d7-b141-47af0fb45b2f","2594172450","MUHAMMAD USMAN SHAH ARIF SHAH","","019c18d5-62e1-7000-8000-000000000041","019c18d5-62e1-7000-8000-000000000003","6","False"
"01a09667-03c7-78bd-a61a-47b9621b7f61","2502057660","RAKIB MIA","","019c18d5-62e1-7000-8000-000000000041","019c18d5-62e1-7000-8000-000000000003","3","False"
"01a0bf9d-e097-7c47-8deb-47d51e8db074","2558143075","عبده محمد حسن العطافي","","","019c18d5-62e1-7000-8000-000000000003","3","False"
"01a0f1de-3ead-7b79-adb0-4814cd7cc288","2481348551","عبدالجبار محمد حسين حفظ الله","","","019c18d5-62e1-7000-8000-000000000005","3","False"
"01a0bf9d-e09f-7913-884e-48299863aada","2530717632","ابراهيم عربى ابراهيم محجوب","","","019c18d5-62e1-7000-8000-000000000003","3","False"
"01a0bf9d-e0a0-7fd8-8e50-48412aa74cb7","2146984881","علي ابكر محمد سعيد","","","019c18d5-62e1-7000-8000-000000000003","3","False"
"01a0bf9d-e09d-748d-aa71-485f6d22c2b2","2618671834","حسن محمد متولي الجهيني","","","019c18d5-62e1-7000-8000-000000000003","3","False"
"01a0bf9d-e09a-73e2-aeed-48664535d259","2530731906","ابراهيم السيد علي نار","","","019c18d5-62e1-7000-8000-000000000003","3","False"
"01a0bf9d-e09b-777a-936d-487e3d90aeb7","2598872220","حمزة عبدالعظيم عبداللاه عبدالعظيم","","","019c18d5-62e1-7000-8000-000000000003","3","False"
"01a0bf9d-e099-7854-8956-4884e322f613","2596657011","محمد اشرف عاشور جاب الله","","","019c18d5-62e1-7000-8000-000000000003","3","False"
"01a0bf9d-e09e-777b-8850-489c25972b0c","2232640769","امين عبدالله يحي البحر","","","019c18d5-62e1-7000-8000-000000000003","3","False"
"01a0bf9d-e099-731b-b35b-48a38f8f4fa2","2558557753","السيد على احمد عوض","","","019c18d5-62e1-7000-8000-000000000003","3","False"
"01a0bf9d-e09e-7b3b-bfd1-48ad90bc3935","2492141243","رضا على لطفى على","","","019c18d5-62e1-7000-8000-000000000003","3","False"
"01a0bf9d-e0a0-7471-8db1-48cdab99e27f","2437463553","سلمان احمد نفيد احمد","","","019c18d5-62e1-7000-8000-000000000003","3","False"
"01a0bf9d-e098-7af6-b83c-48f6932fa54e","2506113832","سفيان سجاد","","","019c18d5-62e1-7000-8000-000000000003","3","False"
"01a0bf9d-e0a6-79ec-b49c-490a4ab2ae2f","2295800425","شميدين اندريس","","","019c18d5-62e1-7000-8000-000000000003","3","False"
"01a0bf9d-e0a3-777c-a0f2-498e1cc35366","2575509761","احمد جمال عجمى رشوان","","","019c18d5-62e1-7000-8000-000000000003","3","False"
"01a0bf9d-e09d-7895-954f-49acf54b1225","2599903388","اسماعيل فضل علي الانسي","","","019c18d5-62e1-7000-8000-000000000003","3","False"
"01a09667-03c7-7cab-9de0-49b670c39d75","2501776401","حمير علي يحيى حزام","","019c18d5-62e1-7000-8000-000000000041","019c18d5-62e1-7000-8000-000000000003","3","False"
"01a0bf9d-e09d-7b04-8901-49d89effa122","2474612484","خالد عبد القادر على عمار","","","019c18d5-62e1-7000-8000-000000000003","3","False"
"01a0bf9d-e099-7321-896e-49eabf07acf2","2551903574","محمد عادل على السيد","","","019c18d5-62e1-7000-8000-000000000003","3","False"
"01a0bf9d-e09b-723d-b887-4a0987bb82b4","2605477807","عمر محمد احمد حسن","","","019c18d5-62e1-7000-8000-000000000003","3","False"
"01a0bf9d-e0a4-7381-be02-4a337a9781b1","2517755423","IFTIKHAR ALI AKBAR ALI","","","019c18d5-62e1-7000-8000-000000000003","3","False"
"01a09667-03d6-70cd-9894-4a343d28bf36","2627167543","صمونيل نادى عزيز امين","","019c18d5-62e1-7000-8000-000000000042","019c18d5-62e1-7000-8000-000000000005","3","False"
"01a0bf9d-e09c-7699-86bb-4ab040e6006f","2551198662","محمد نبيل امين حسن الكامل","","","019c18d5-62e1-7000-8000-000000000003","3","False"
"01a09667-03d7-70b7-bee9-4b017219e446","2577255538","زين نواز محمد نواز","","","019c18d5-62e1-7000-8000-000000000003","3","False"
"01a0bf9d-e098-778a-a104-4b34be4f3503","2519059386","محمد سعد أوسين رنا","","","019c18d5-62e1-7000-8000-000000000003","3","False"
"01a0f348-60df-7f1c-a493-4b6faff1320d","2483941221","فارس البدري ابراهيم الحاج","","","019c18d5-62e1-7000-8000-000000000003","3","False"
"01a0bf9d-e0a0-75a2-aef2-4b99b2f43445","2379284215","محمد منصور بوكوت","","","019c18d5-62e1-7000-8000-000000000003","3","False"
"01a0bf9d-e09c-771a-9873-4b9d14af9e15","2047810300","حسين علي حسين بن الشيخ ابوبكر","","","019c18d5-62e1-7000-8000-000000000003","3","False"
"01a0bf9d-e099-7f9b-874e-4b9fe4bc9cfe","2425200108","أمين الله غول صالحين","","","019c18d5-62e1-7000-8000-000000000003","3","False"
"01a0bf9d-e0a2-7479-bd08-4badf3b726d6","2450325804","نبيل سعد عبده حسين جعوان","","","019c18d5-62e1-7000-8000-000000000005","3","False"
"01a0bf9d-e097-7e36-bd30-4bd82f267d4f","2015103704","عمر محمد رشاد الحسن","","","019c18d5-62e1-7000-8000-000000000003","3","False"
"01a0bf9d-e0a0-759c-9230-4c0ff242551e","2508931280","تانيم حسين","","","019c18d5-62e1-7000-8000-000000000003","3","False"
"01a09667-03d4-75a7-885c-4c1161bca251","2609054594","ABU HANIF","","019c18d5-62e1-7000-8000-000000000042","019c18d5-62e1-7000-8000-000000000003","3","False"
"01a09667-03d6-7acf-ac9f-4c136f91d19a","2510059021","مدثر خان غازي رحمن","","","019c18d5-62e1-7000-8000-000000000003","6","False"
"01a0bf9d-e09c-72bb-bed9-4c14d61b7404","2564237754","عادل رمضان طه عبد اللطيف","","","019c18d5-62e1-7000-8000-000000000003","3","False"
"01a0bf9d-e09e-77e9-90e7-4c3a72992ac6","2420632941","سيسان علي سارافات علي","","","019c18d5-62e1-7000-8000-000000000003","3","False"
"01a0bf9d-e09a-735b-8f10-4c3b51b58d7b","2578029296","احمد هاشم عوض الحاج","","","019c18d5-62e1-7000-8000-000000000003","3","False"
"01a0bf9d-e0a2-7110-bcff-4c8b0107ed39","2306517554","اندرياس اسين","","","019c18d5-62e1-7000-8000-000000000003","3","False"
"01a09667-03d9-76a3-97bf-4c8c649e2a9d","2588082814","ابرار حسين غلام اكبر","","","019c18d5-62e1-7000-8000-000000000003","6","False"
"01a0bf9d-e0a1-73ab-a0ac-4c910e7f0943","2626683110","ناهد ميا","","","019c18d5-62e1-7000-8000-000000000003","3","False"
"01a0bf9d-e09c-7184-954c-4c9f8bcd1721","2509066680","محمود عبدالله اسماعيل السيد","","","019c18d5-62e1-7000-8000-000000000003","3","False"
"01a0bf9d-e0a2-7e49-be1b-4ca8e3937a8f","2464776745","أياز علي علي نواز شانديو","","","019c18d5-62e1-7000-8000-000000000003","3","False"
"01a09667-03ce-78d4-a102-4cdae815c112","2603849593","HAIDER HOSSEN","","019c18d5-62e1-7000-8000-000000000041","019c18d5-62e1-7000-8000-000000000003","3","False"
"01a09667-03d0-750c-8aaf-4d40a014593e","2639883103","HAZROT ALI","","019c18d5-62e1-7000-8000-000000000041","019c18d5-62e1-7000-8000-000000000003","3","False"
"01a0bf9d-e09c-790b-a9c9-4d41bf4d99ce","2479940450","إبراهيم احمد حسن حسين","","","019c18d5-62e1-7000-8000-000000000003","3","False"
"01a09667-03d3-7ad1-978b-4d442f7e3e5d","2588712998","محمود عبد العال محمود حسن","","019c18d5-62e1-7000-8000-000000000042","019c18d5-62e1-7000-8000-000000000003","3","False"
"01a0bf9d-e099-74bd-b0d9-4d74f2a3f704","2559168253","كاز رميم حسين","","","019c18d5-62e1-7000-8000-000000000003","3","False"
"01a0bf9d-e09f-7770-a055-4da937931b0e","2351842568","فواز علي عبدالله الحيمي","","","019c18d5-62e1-7000-8000-000000000003","3","False"
"01a0bf9d-e09f-7bc4-811c-4dc3247e963d","2334140718","خالد ختم العارفين حسن عبدالرحيم","","","019c18d5-62e1-7000-8000-000000000003","3","False"
"01a0f195-6cc1-7c3f-ba9c-4dd1fd40cacf","2594452449","محمد كليب حسين سالم","","","019c18d5-62e1-7000-8000-000000000005","3","False"
"01a0bf9d-e0a1-7aaa-b838-4deb119279fd","2587940996","تزيم عباس اكبر على","","","019c18d5-62e1-7000-8000-000000000003","3","False"
"01a0bf9d-e0a6-7513-a276-4e0a42a7eacf","2203705559","محمد شوكت - - حياةجوبلي","","","019c18d5-62e1-7000-8000-000000000003","3","False"
"01a0bf9d-e0a3-754a-a2c5-4e1241fae1ba","2641400904","تاج الدين محمد حنيفا","","","019c18d5-62e1-7000-8000-000000000003","3","False"
"01a0bf9d-e09b-758c-968e-4e1bd84434de","2570155842","محمد سامي سعد احمد","","","019c18d5-62e1-7000-8000-000000000003","3","False"
"01a09667-03d6-7ff6-9d4b-4e4c1cc43720","2498254552","مصطفي عبد الحميد عبد اللطيف","","","019c18d5-62e1-7000-8000-000000000003","6","False"
"01a0bf9d-e0a2-7ecb-8e8e-4e70f85cfe44","2383344435","عبد الرحمن جعفر يوسف حاج على","","","019c18d5-62e1-7000-8000-000000000003","3","False"
"01a09667-03d3-7cb4-803c-4e74f9bd7c93","2597582275","ابراهيم حسن ابراهيم العدوي","","019c18d5-62e1-7000-8000-000000000042","019c18d5-62e1-7000-8000-000000000003","3","False"
"01a0f6a8-e74b-76ea-874e-4e77434484b6","2394431767","المهدى محمد مصطفى مهدى","","","019c18d5-62e1-7000-8000-000000000003","3","False"
"01a0bf9d-e099-7cdb-9fd1-4e96fd1cbad0","2601295054","صخر خالد علي يحيي","","","019c18d5-62e1-7000-8000-000000000003","3","False"
"01a09667-03d1-72d9-9e16-4eafdf0a32d3","2545844504","عبد الرحمن عبدالله زغلول عطيه","","019c18d5-62e1-7000-8000-000000000042","019c18d5-62e1-7000-8000-000000000003","3","False"
"01a09667-03d2-72c7-9888-4ec20feb79c8","2578574465","سعيد السيد احمد ابراهيم","","019c18d5-62e1-7000-8000-000000000042","019c18d5-62e1-7000-8000-000000000003","3","False"
"01a0bf9d-e0a4-72fc-85fc-4eddeac60f23","2560996049","محمد ارغان","","","019c18d5-62e1-7000-8000-000000000003","3","False"
"01a0bf9d-e09a-7326-99b5-4ee6123819df","2199850393","محمد جاكر - - محمد شمس مياه","","","019c18d5-62e1-7000-8000-000000000003","3","False"
"01a09667-03cd-7f26-a77c-4f285e2a2aae","2595504289","عمرو ايمن ميهوب سيد","","019c18d5-62e1-7000-8000-000000000041","019c18d5-62e1-7000-8000-000000000003","3","False"
"01a09667-03da-7a4c-9a02-4f4f303d15d7","2630315501","محمد عليان حشمى فواز","","","019c18d5-62e1-7000-8000-000000000005","6","False"
"01a09667-03cc-7d69-a0f2-4f56834ecf87","2587497070","WASHIM AKRAM","","019c18d5-62e1-7000-8000-000000000041","019c18d5-62e1-7000-8000-000000000003","3","False"
"01a09667-03cc-7c00-bec6-4f61b8f08ff3","2591951583","عمرو بدر بكري محمد","","019c18d5-62e1-7000-8000-000000000041","019c18d5-62e1-7000-8000-000000000003","3","False"
"01a09667-03d9-7981-aefd-4f72aaa408b5","2624402406","فيروزا علم ا","","","019c18d5-62e1-7000-8000-000000000003","6","False"
"01a09667-03ca-7223-9847-4fc3ffb3de1d","2567197658","على بسيونى محمد هيكل","","019c18d5-62e1-7000-8000-000000000041","019c18d5-62e1-7000-8000-000000000003","3","False"
"01a09667-03d1-7aa1-980a-5011bbca61f7","2541259848","ABUL BASHAR","","019c18d5-62e1-7000-8000-000000000042","019c18d5-62e1-7000-8000-000000000003","3","False"
"01a0bf9d-e09f-7366-80d0-508c8f683022","2578016806","محمد عارف احمد محمد سالم","","","019c18d5-62e1-7000-8000-000000000003","3","False"
"01a09667-03cf-7c1f-bf85-50965c9907e6","2623778483","على ابوزيد احمد الدلوع","","019c18d5-62e1-7000-8000-000000000041","019c18d5-62e1-7000-8000-000000000003","3","False"
"01a0bf9d-e09a-7cca-a852-50cc88a46b77","2274020839","اياد عبدالواسع محمد الصلوي","","","019c18d5-62e1-7000-8000-000000000003","3","False"
"01a09667-03d1-7e8b-ba41-50d16ffbfcda","2535376723","حماده محمد سالم عبدالوهاب","","019c18d5-62e1-7000-8000-000000000042","019c18d5-62e1-7000-8000-000000000005","5","False"
"01a0bf9d-e09f-71f9-b65a-50d97707b3dd","2593603794","احمد ابراهيم محمد طمان","","","019c18d5-62e1-7000-8000-000000000003","3","False"
"01a0f200-8dd3-7066-acf5-5138313265d9","2621395538","محمد هلالي سيد محمد","","","019c18d5-62e1-7000-8000-000000000003","3","False"
"01a09667-03d6-74dd-b842-513b244c498f","2627168715","ماركو صليب فهيم اسكندر","","019c18d5-62e1-7000-8000-000000000042","019c18d5-62e1-7000-8000-000000000005","3","False"
"01a0bf9d-e09c-7fed-a734-514202d233bf","2481386031","اسلام احمد السيد عكاز","","","019c18d5-62e1-7000-8000-000000000003","3","False"
"01a09667-03cb-794c-a8df-514e3b4914f6","2578136810","محمود عبد الغفار محمد على","","019c18d5-62e1-7000-8000-000000000041","019c18d5-62e1-7000-8000-000000000003","3","False"
"01a0e744-9434-7bdc-ac49-515b90ab9ed9","2622948350","خالد سمير أحمد عراقي","","","019c18d5-62e1-7000-8000-000000000003","3","False"
"01a0bf9d-e0a4-7ce4-8903-5161c2ddebd2","2554614657","عبد الرايم جوير عبد ال كريم","","","019c18d5-62e1-7000-8000-000000000003","3","False"
"01a09667-03cb-779f-bedb-516de06a7a89","2580972970","MD NURUL ISLAM JOY","","019c18d5-62e1-7000-8000-000000000041","019c18d5-62e1-7000-8000-000000000003","3","False"
"01a0bf9d-e09f-795e-99a2-521bef81533e","2211009275","توفيق محمد محمد قاسم","","","019c18d5-62e1-7000-8000-000000000003","3","False"
"01a09667-03da-7516-90c1-523b5b186f26","2629565314","رامى سعد حسن الصبروت","","","019c18d5-62e1-7000-8000-000000000005","6","False"
"01a0bf9d-e0a5-7b29-909f-5250ab1f7e66","2495780088","عمرو العذب","","","019c18d5-62e1-7000-8000-000000000003","3","False"
"01a09667-03cf-7727-b634-5256e67facaf","2621095542","خالد رمضان على عبد الله","","019c18d5-62e1-7000-8000-000000000041","019c18d5-62e1-7000-8000-000000000003","6","False"
"01a0bf9d-e09d-7f69-a397-525b0883d4b0","2571385489","محمد عبد ال رحمن","","","019c18d5-62e1-7000-8000-000000000003","3","False"
"01a0bf9d-e09a-7d92-9ab3-52911ce4a4d9","2487923035","احمد سمير محمد احمد","","","019c18d5-62e1-7000-8000-000000000003","3","False"
"01a0bf9d-e09e-76b7-bd9e-529d6f32c46d","2301437592","عامر احمد محمد الخولاني","","","019c18d5-62e1-7000-8000-000000000003","3","False"
"01a0edfd-4bc9-75c8-933c-52a8af7f51e1","2597602123","ايمن موفق علي علي الغضب","","","019c18d5-62e1-7000-8000-000000000003","3","False"
"01a0bf9d-e0a5-72d2-a168-52cdd182c8be","2426155913","أشرف ال اسلام","","","019c18d5-62e1-7000-8000-000000000003","3","False"
"01a0bf9d-e0a0-7f70-b8d2-53260a6cbe35","2501782771","محمد الحسن ادم الساير","","","019c18d5-62e1-7000-8000-000000000003","3","False"
"01a0bf9d-e09a-7b25-896c-535a579dba9a","2567839077","علي اكبر","","","019c18d5-62e1-7000-8000-000000000003","3","False"
"01a0bf9d-e09a-7585-9062-538ceabda44b","2570421293","طاهر صلاح حسن صالح","","","019c18d5-62e1-7000-8000-000000000003","3","False"
"01a0bf9d-e0a2-7e4c-ace2-538f831998b0","2565511942","سيد يوسف غيلان","","","019c18d5-62e1-7000-8000-000000000003","3","False"
"01a0bf9d-e0a4-77db-a853-53bbb098c18a","2518862285","سراج فيلان","","","019c18d5-62e1-7000-8000-000000000003","3","False"
"01a0bf9d-e09c-7032-9739-53f14ce229c0","2564132278","شمام علي علي","","","019c18d5-62e1-7000-8000-000000000003","3","False"
"01a0bf9d-e0a1-7e08-ad47-53f3d78011a5","2349594271","نورو حسين بشيره أسفه","","","019c18d5-62e1-7000-8000-000000000003","3","False"
"01a0bf9d-e0a2-7519-bf4d-540795a457a2","2046667644","رائد جواد سليم الحرثاني","","","019c18d5-62e1-7000-8000-000000000003","3","False"
"01a09667-03d6-7ecd-85bc-541c227d8694","2285099194","سعد محمود سعد الخميسي","","","019c18d5-62e1-7000-8000-000000000003","6","False"
"01a0bf9d-e09f-7b2c-98f5-5420d2dfb09e","2513412557","جوينال عابدين","","","019c18d5-62e1-7000-8000-000000000003","3","False"
"01a0bf9d-e0a1-7a6c-afc7-54625151430b","2580499388","عمرو صلاح مفتاح عبد النبي","","","019c18d5-62e1-7000-8000-000000000003","3","False"
"01a0bf9d-e09d-7ecc-81f2-5479f2839f72","2539401600","مد جايبور","","","019c18d5-62e1-7000-8000-000000000003","3","False"
"01a09667-03cf-72c3-ac33-54a03939107f","2615898091","FARUK AHMED","","019c18d5-62e1-7000-8000-000000000041","019c18d5-62e1-7000-8000-000000000003","3","False"
"01a0bf9d-e09e-7f20-819e-54a257cf4c7b","2529967099","الصديق عثمان عبدالله محمد","","","019c18d5-62e1-7000-8000-000000000003","3","False"
"01a0bf9d-e0a1-7b7c-a2c9-54e86c4c0b41","2622386833","هاني سعيد محمد رضوان","","","019c18d5-62e1-7000-8000-000000000003","3","False"
"01a09667-03cd-7797-b957-54e943d2376c","2592504647","شاهر محمد محمد عبدالله","","019c18d5-62e1-7000-8000-000000000041","019c18d5-62e1-7000-8000-000000000003","3","False"
"01a09667-03cf-7889-8e6d-54f1709c5c11","2621796164","رزق احمد رزق قناوى","","019c18d5-62e1-7000-8000-000000000041","019c18d5-62e1-7000-8000-000000000003","3","False"
"01a0bf9d-e0a1-7ee6-86f7-552dc92a9ffc","2594949766","فهد محمد احمد عبدالحميد","","","019c18d5-62e1-7000-8000-000000000003","3","False"
"01a09667-03da-7d09-85d9-55568342b998","2636655306","مد سيف الله اسلام","","","019c18d5-62e1-7000-8000-000000000003","6","False"
"01a0bf9d-e098-7cc1-ba52-55947b1296b5","2419035239","فياز علي سومارو علي أكبر سومارو","","","019c18d5-62e1-7000-8000-000000000003","3","False"
"01a09667-03ce-717d-be09-5598249bf66a","2601656255","احمد طارق غزال حسين","","019c18d5-62e1-7000-8000-000000000041","019c18d5-62e1-7000-8000-000000000003","3","False"
"01a09667-03d5-7eda-9360-55ea324e4374","2620052452","اسلام سعيد عيد عبد المالك","","019c18d5-62e1-7000-8000-000000000042","019c18d5-62e1-7000-8000-000000000003","5","False"
"01a0bf9d-e09a-7bfe-b6a0-5633d530807f","2591467630","فضل حق رازل محمد","","","019c18d5-62e1-7000-8000-000000000003","3","False"
"01a11633-1e53-7533-89ce-56555a30e669","2513217311","محمد أبو بكر حفيظ عبد الغافور","","","019c18d5-62e1-7000-8000-000000000003","3","False"
"01a0bf9d-e09b-7a09-b238-5677953dbe33","2558877466","احمد خالد حسين باز","","","019c18d5-62e1-7000-8000-000000000003","3","False"
"01a0bf9d-e09a-794e-a330-56e214508c7f","2533927188","احمد ابراهيم محمد محمد","","","019c18d5-62e1-7000-8000-000000000003","3","False"
"01a0bf9d-e09a-767b-832d-572485a0120d","2290189337","اديب محمد لطف","","","019c18d5-62e1-7000-8000-000000000003","3","False"
"01a0bf9d-e0a2-79cb-bca8-57337184dc70","2583934910","مد جاسم الدين","","","019c18d5-62e1-7000-8000-000000000005","3","False"
"01a0bf9d-e09e-77ac-93e4-5748baca911f","2625027160","احمد السيد الاحمدي السيد","","","019c18d5-62e1-7000-8000-000000000003","3","False"
"01a0bf9d-e09a-7e6d-963f-5784ceafbdcd","2570438669","طلعت سعد شعبان محمد","","","019c18d5-62e1-7000-8000-000000000005","3","False"
"01a0bf9d-e09f-7b52-934f-57a04af80132","2446164374","صلاح عبدالله احمد عبده","","","019c18d5-62e1-7000-8000-000000000003","3","False"
"01a0bf9d-e0a1-72ed-a3fc-58179343f3a2","2544200104","احمد هيبه محمد محمود","","","019c18d5-62e1-7000-8000-000000000005","3","False"
"01a0bf9d-e099-7a1b-9864-581d793fefe5","2529664175","جلال طلعت جلال متولي","","","019c18d5-62e1-7000-8000-000000000003","3","False"
"01a0bf9d-e0a3-7ae8-8b75-5820f2ab12cd","2636894244","عارف ال جوني","","","019c18d5-62e1-7000-8000-000000000003","3","False"
"01a0bf9d-e0a6-7e75-b8d6-58339c665fef","2339692424","ديمل هايل فارس","","","019c18d5-62e1-7000-8000-000000000003","3","False"
"01a0f6d8-dc02-7736-9358-583bba15be62","2495294247","فارس اسامه حسن عيد","","","019c18d5-62e1-7000-8000-000000000003","3","False"
"01a0bf9d-e09e-701a-a40e-584eb877dd91","2632428724","احمد علي عبدالله","","","019c18d5-62e1-7000-8000-000000000003","3","False"
"01a09667-03cf-7137-a8a1-587d2c08cc03","2639882725","MD RASEL MIA","","019c18d5-62e1-7000-8000-000000000041","019c18d5-62e1-7000-8000-000000000003","3","False"
"01a0bf9d-e0a6-7759-a754-58d9a58ff8ee","2261194126","راجح محمود صالح عوض","","","019c18d5-62e1-7000-8000-000000000003","3","False"
"01a0bf9d-e099-7da6-9aee-58e253156245","2501001529","حنيف أحمد أبو ال","","","019c18d5-62e1-7000-8000-000000000003","3","False"
"01a11593-7826-7543-98cf-595da8bd5527","2268920499","محمد محمود يحى العبدى","","","019c18d5-62e1-7000-8000-000000000005","3","False"
"01a0bf9d-e09d-756d-a3cf-5977e3a33241","2519848804","السعيد خالد محمد السيد","","","019c18d5-62e1-7000-8000-000000000003","3","False"
"01a1158f-1615-7c28-bfb4-598573704176","2548808647","زيشان رافيق محمد رفيق","","","019c18d5-62e1-7000-8000-000000000005","3","False"
"01a0bf9d-e099-782a-a8b6-59b673f7a641","2392182677","احمد السيد حسن على","","","019c18d5-62e1-7000-8000-000000000003","3","False"
"01a09667-03c9-77cf-8414-59c9b8610bfc","2555828033","MD DIDARUL ISLAM DIDAR","","019c18d5-62e1-7000-8000-000000000041","019c18d5-62e1-7000-8000-000000000003","3","False"
"01a0bf9d-e09b-713f-901c-5a5632ff1a81","2535853382","سفيان ظفار ظفار اقبال","","","019c18d5-62e1-7000-8000-000000000003","3","False"
"01a0bf9d-e0a5-7f79-8a16-5a774e2042c8","2481328595","فيصل احمد محمد نعمان","","","019c18d5-62e1-7000-8000-000000000003","3","False"
"01a0bf9d-e09f-789b-884a-5aa3addaed3e","2287122671","السيد صابر سليمان جبريل","","","019c18d5-62e1-7000-8000-000000000003","3","False"
"01a0bf9d-e09e-731d-a9cd-5b0196e959dc","2403044387","محمود ابوبكر محمد عيد","","","019c18d5-62e1-7000-8000-000000000003","3","False"
"01a09667-03d1-7e7f-84a8-5b28d1a955b0","2563523154","SAIF UR REHMAN MUHAMAMD ARSHAD","","019c18d5-62e1-7000-8000-000000000042","019c18d5-62e1-7000-8000-000000000003","3","False"
"01a09667-03d8-7aaf-9384-5b541c89cb59","2616495988","على احمد على النمر","","","019c18d5-62e1-7000-8000-000000000005","6","False"
"01a09667-03d0-7714-a885-5b6addd27624","2639883293","MD MAHBUB RAHMAN","","019c18d5-62e1-7000-8000-000000000041","019c18d5-62e1-7000-8000-000000000003","3","False"
"01a0bf9d-e098-70a1-99e1-5bff0296228a","2215204666","محمد احسان احمد محمد","","","019c18d5-62e1-7000-8000-000000000003","3","False"
"01a0bf9d-e09e-76c1-8407-5c2d4355be8e","2333694624","هيثم هاشم حبيب محمد","","","019c18d5-62e1-7000-8000-000000000003","3","False"
"01a0bf9d-e09c-7c57-afab-5c37e39298d5","2442518557","علي صالح محمد حزام","","","019c18d5-62e1-7000-8000-000000000003","3","False"
"01a09667-03cd-746e-84e0-5c65fb02473c","2596459871","اسلام جمعه ربيع عيد","","019c18d5-62e1-7000-8000-000000000041","019c18d5-62e1-7000-8000-000000000003","3","False"
"01a09667-03c8-775a-8405-5c689e5fc5bb","2551645738","احمد عزت احمد عبدالسلام","","019c18d5-62e1-7000-8000-000000000041","019c18d5-62e1-7000-8000-000000000003","3","False"
"01a09667-03d1-7616-8b40-5c93cfdaf75a","2529309292","فارس احمد سيد عبدالعظيم","","019c18d5-62e1-7000-8000-000000000042","019c18d5-62e1-7000-8000-000000000003","3","False"
"01a0bf9d-e09c-7a27-909e-5c9fbec6bee3","2565100050","ممدوح السيد العربي محمد سيد احمد","","","019c18d5-62e1-7000-8000-000000000003","3","False"
"01a0bf9d-e0a5-7549-8ad3-5ca84a2a7923","2458670177","معشوق احمد مغيري بلوشي","","","019c18d5-62e1-7000-8000-000000000003","3","False"
"01a09667-03cf-74d5-99c8-5cae88713953","2623006349","سلامه محمد كامل عبدالعزيز","","019c18d5-62e1-7000-8000-000000000041","019c18d5-62e1-7000-8000-000000000005","3","False"
"01a0bf9d-e09c-72d1-a80c-5cb3fa06f635","2555916721","عاصف محمد محمد عارف","","","019c18d5-62e1-7000-8000-000000000003","3","False"
"01a09667-03cc-7c56-a7e1-5cecf1a8b976","2589653290","احمد محمد محمد عثمان","","019c18d5-62e1-7000-8000-000000000041","019c18d5-62e1-7000-8000-000000000003","3","False"
"01a0bf9d-e09f-786a-995d-5d020b220c83","2440702369","لؤى محمد سعيد البدوى","","","019c18d5-62e1-7000-8000-000000000003","3","False"
"01a09667-03d0-7fc8-b1a0-5d30e201a233","2509129876","MOHAMMAD SHAHADULLAH","","019c18d5-62e1-7000-8000-000000000042","019c18d5-62e1-7000-8000-000000000003","3","False"
"01a09667-03da-7911-92cd-5d31e017220e","2630315295","Md Shahzahan Mia","","","019c18d5-62e1-7000-8000-000000000005","6","False"
"01a09667-03d2-7860-b239-5d55024b8643","2565608417","MUHAMMAD WAQAS MUHAMMAD MUSLIM","","019c18d5-62e1-7000-8000-000000000042","019c18d5-62e1-7000-8000-000000000003","5","False"
"01a09667-03cb-72c6-8d5e-5d5a39d0398b","2581119480","MUHAMMAD USMAN MUHAMMAD IQBAL","","019c18d5-62e1-7000-8000-000000000041","019c18d5-62e1-7000-8000-000000000003","6","False"
"01a0bf9d-e099-717c-a2ca-5d63d229d9ac","2534003948","فيصل مياصي","","","019c18d5-62e1-7000-8000-000000000003","3","False"
"01a0bf9d-e09c-7ded-950b-5d700f6d59bd","2563677828","عادل عطية مالك البسطويسي","","","019c18d5-62e1-7000-8000-000000000003","3","False"
"01a09667-03ca-7c2a-bf20-5d76c4429dc5","2566240384","MD ALAL MIAH","","019c18d5-62e1-7000-8000-000000000041","019c18d5-62e1-7000-8000-000000000003","3","False"
"01a0bf9d-e0a2-749c-85c8-5ddbb46be8b2","2514822994","عادل محمد شباط","","","019c18d5-62e1-7000-8000-000000000005","3","False"
"01a09667-03ca-71d8-b703-5e066a1d7f63","2565897168","SAMI ULLAH AMAN ULLAH","","019c18d5-62e1-7000-8000-000000000041","019c18d5-62e1-7000-8000-000000000003","5","False"
"01a0bf9d-e0a6-74df-8c71-5e1cfdbe8c0d","2183135306","بحار مياه محمد مضيف الله","","","019c18d5-62e1-7000-8000-000000000003","3","False"
"01a0bf9d-e098-7e06-9cee-5e36322c1ee9","2603747680","محمود يحيي الفقي","","","019c18d5-62e1-7000-8000-000000000003","3","False"
"01a09667-03da-7d12-900d-5e3b47cdd48c","2240422234","احمد سالم عبد الوهاب خليفة","","019c18d5-62e1-7000-8000-000000000040","019c18d5-62e1-7000-8000-000000000005","3","False"
"01a0bf9d-e0a0-78b5-bafc-5e6142991559","2087224479","بينه تكلا مريم - اسفها","","","019c18d5-62e1-7000-8000-000000000003","3","False"
"01a0bf9d-e098-7600-8364-5e9f15ab361a","2580278055","برهان علي","","","019c18d5-62e1-7000-8000-000000000003","3","False"
"01a09667-03da-7443-9528-5efe07ffa21a","2626317412","خالد محمد راشد شاكر","","019c18d5-62e1-7000-8000-000000000040","019c18d5-62e1-7000-8000-000000000003","3","False"
"01a09667-03db-799f-860b-5f04b9c02d26","2630315410","حماده محمود احمد محمود","","019c18d5-62e1-7000-8000-000000000040","019c18d5-62e1-7000-8000-000000000005","3","False"
"01a09667-03d9-7238-97aa-5f204bc655ec","2567173170","حسام محمد السيد سليمان","","","019c18d5-62e1-7000-8000-000000000003","6","False"
"01a09667-03d2-75b6-83f9-5f734de14894","2579125853","MD JUNAID MIA","","019c18d5-62e1-7000-8000-000000000042","019c18d5-62e1-7000-8000-000000000003","3","False"
"01a0bf9d-e09a-74e7-9930-5f7953e2eb54","2359250301","عبدالباري عبدالله احمد صالح","","","019c18d5-62e1-7000-8000-000000000003","3","False"
"01a0bf9d-e09e-7c37-945f-5fa47fec6709","2512272689","MAHMOOD IQBAL ABDUL GHANI","","","019c18d5-62e1-7000-8000-000000000003","3","False"
"01a0bf9d-e09a-7e84-bcd3-5fe32eb0584a","2610160596","احمد عاشور مصطفي محمد فتح الباب","","","019c18d5-62e1-7000-8000-000000000003","3","False"
"01a09667-03c8-7ba7-bcaf-6002163b98e7","2540773997","عماد عبدالعظيم سيد حسان","","019c18d5-62e1-7000-8000-000000000041","019c18d5-62e1-7000-8000-000000000003","5","False"
"01a0bf9d-e09a-74c2-b69e-6004f19c62eb","2520864964","شهيد ال اسلام","","","019c18d5-62e1-7000-8000-000000000003","3","False"
"01a09667-03d6-791b-a530-6010c50fa1ff","2374918742","اويس عبدالرؤوف عبدالرؤوف","","","019c18d5-62e1-7000-8000-000000000003","6","False"
"01a0bf9d-e098-7d2e-8eed-6014ff809cd6","2556996631","رقيب منان","","","019c18d5-62e1-7000-8000-000000000003","3","False"
"01a0bf9d-e09d-77aa-95c4-6049f09bd117","2558852378","يوسف عارف محمود عارف","","","019c18d5-62e1-7000-8000-000000000003","3","False"
"01a0bf9d-e09a-794f-aef8-608225a7baae","2575861568","محمد ميدي حسن","","","019c18d5-62e1-7000-8000-000000000003","3","False"
"01a0bf9d-e098-77fe-8def-6089b76a7b97","2536120732","عمرو سامى حسن حامد","","","019c18d5-62e1-7000-8000-000000000005","3","False"
"01a0bf9d-e09f-77b0-819c-609a01ea35f5","2453896975","رشاد فرج خميس باراشد","","","019c18d5-62e1-7000-8000-000000000003","3","False"
"01a0bf9d-e0a5-7adf-8894-609dbada3302","2444759225","حسن كامل علي فرحان المقدر","","","019c18d5-62e1-7000-8000-000000000003","3","False"
"01a0bf9d-e0a3-72af-9eee-60b9188004ea","2496874674","عبد الملك","","","019c18d5-62e1-7000-8000-000000000005","3","False"
"01a0bf9d-e098-7823-8653-60cfe4dc2759","2461271484","عبدالباسط شهزاد افريدي","","","019c18d5-62e1-7000-8000-000000000003","3","False"
"01a0bf9d-e098-7051-a1f8-60db928095f1","2588420733","نصر السيد صابر ابوضوه","","","019c18d5-62e1-7000-8000-000000000003","3","False"
"01a0bf9d-e0a6-71cb-9595-613b5069f317","2233725940","عبدالقوي كامل نصر محمد","","","019c18d5-62e1-7000-8000-000000000003","3","False"
"01a0bf9d-e0a4-77b2-9fe6-6147c94d9153","2538655826","شكيل أحمد عبد ال حميد","","","019c18d5-62e1-7000-8000-000000000003","3","False"
"01a0bf9d-e09e-77c9-8c33-614d8b858efa","2531836969","محمد محمود محمد على","","","019c18d5-62e1-7000-8000-000000000003","3","False"
"01a0bf9d-e09b-767a-a1d6-6150ba4dc8a0","2598406367","محمد عبدالحميد عبدالحميد المرسي","","","019c18d5-62e1-7000-8000-000000000003","3","False"
"01a0bf9d-e0a4-7e99-9d0e-616478056139","2556711519","امداد ال حقي","","","019c18d5-62e1-7000-8000-000000000003","3","False"
"01a0bf9d-e0a2-72f3-a551-618bf708f9f4","2609739319","حفيظ ال رامان","","","019c18d5-62e1-7000-8000-000000000005","3","False"
"01a0bf9d-e09d-77da-a845-6195ca64e529","2612165098","احمد محمد عبد المحسن محمد","","","019c18d5-62e1-7000-8000-000000000003","3","False"
"01a09667-03ca-73b4-a0ec-61ab4347e80c","2567539735","SAJIB HOSSAIN ABDUL MOTIN","","019c18d5-62e1-7000-8000-000000000041","019c18d5-62e1-7000-8000-000000000003","3","False"
"01a0bf9d-e0a4-7b5b-a2d4-61b65b4407c4","2566975427","محمد كيزا حياة نور أحمد","","","019c18d5-62e1-7000-8000-000000000003","3","False"
"01a0bf9d-e097-7d86-b25d-61ce894c55b6","2480219357","خالد جمال عبدالوهاب زكي","","","019c18d5-62e1-7000-8000-000000000003","3","False"
"01a0bf9d-e099-7bb8-b1de-61df1afc7765","2605876396","حماده عبد المحسن احمد موسى","","","019c18d5-62e1-7000-8000-000000000003","3","False"
"01a0f1c7-9d72-7300-94ac-61f3e23e7d37","2419345687","محمد سلمان","","","019c18d5-62e1-7000-8000-000000000005","3","False"
"01a0bf9d-e09b-7d1a-adc4-626a660aa60b","2559746785","مروان عبدالامام عبد المنصر عبد الامام","","","019c18d5-62e1-7000-8000-000000000003","3","False"
"01a0bf9d-e09c-7361-b042-626af38d9ef4","2444914556","يوسف ناصر علي مطيع","","","019c18d5-62e1-7000-8000-000000000003","3","False"
"01a09667-03d9-7080-be5d-62a7177c026b","2590338337","محمود فوزى محمود احمد","","","019c18d5-62e1-7000-8000-000000000003","6","False"
"638c5848-9aa5-4d46-a30c-62af93c03b8e","2586653863","احمد عبد الحميد الكاتب الشبراوى","","","","1","False"
"01a09667-03cb-7c7e-b14e-62eb49f3bd39","2584127506","JAKIR HOSSAIN","","019c18d5-62e1-7000-8000-000000000041","019c18d5-62e1-7000-8000-000000000003","5","False"
"01a09667-03ce-74a9-bd8b-62f4a75c097b","2610711232","MD ALAUDDIN","","019c18d5-62e1-7000-8000-000000000041","019c18d5-62e1-7000-8000-000000000003","3","False"
"01a09667-03db-7394-923d-63556fac3d5d","2627962364","ابراهيم السيد ابراهيم متولي","","019c18d5-62e1-7000-8000-000000000040","019c18d5-62e1-7000-8000-000000000005","3","False"
"01a09667-03cf-72f3-b62e-636fd2f2e1d5","2614040620","محمد شعبان عبدالله ابراهيم","","019c18d5-62e1-7000-8000-000000000041","019c18d5-62e1-7000-8000-000000000003","3","False"
"01a0bf9d-e09c-71fb-97b7-6390ec97c6a7","2340459318","احمد خالد محمد العصار","","","019c18d5-62e1-7000-8000-000000000003","3","False"
"01a09667-03cf-7206-944a-63b4ccb9d950","2625106865","MD NOYON MIA","","019c18d5-62e1-7000-8000-000000000041","019c18d5-62e1-7000-8000-000000000003","3","False"
"01a0bf9d-e0a4-74a2-b064-643c0b9b9168","2530908231","أرشد حسين جام غلام مصطفى داريجا","","","019c18d5-62e1-7000-8000-000000000003","3","False"
"01a0bf9d-e09a-779a-a40f-646b42e56b59","2153420639","سالمين فرج سالمين بن حويل","","","019c18d5-62e1-7000-8000-000000000003","3","False"
"01a0bf9d-e09b-7120-9322-64e729f3fd54","2427629544","شايف شايف شاهد","","","019c18d5-62e1-7000-8000-000000000003","3","False"
"01a0bf9d-e0a3-7ef3-9c84-64efc5db1a01","2581145212","محمد شفايت محمد علي فتح","","","019c18d5-62e1-7000-8000-000000000003","3","False"
"01a09667-03d7-7d79-9883-6506fc6a2229","2570359832","روشان شيخ","","","019c18d5-62e1-7000-8000-000000000003","6","False"
"01a10c5f-31f8-770a-a48e-6514767dd09b","2406247565","عمر يوسف احمد توفيق","","","019c18d5-62e1-7000-8000-000000000003","3","False"
"01a0bf9d-e09b-79ba-beaf-65437b6d6f22","2606029292","محمد شوقى منصور حامد","","","019c18d5-62e1-7000-8000-000000000003","3","False"
"01a09667-03d3-73e7-8838-657d2bec2bce","2588599957","على محمد احمد احمد","","019c18d5-62e1-7000-8000-000000000042","019c18d5-62e1-7000-8000-000000000003","5","False"
"01a0bf9d-e0a7-744d-adf2-658eed732ff4","1143311023","اسامة الكفيل السعودي","","","019c18d5-62e1-7000-8000-000000000003","3","False"
"01a0bf9d-e0a3-7d39-aaf0-65d32a0c59e5","2593699313","محمد اسيكور رحمن افاز عاشق","","","019c18d5-62e1-7000-8000-000000000003","3","False"
"01a0bf9d-e09b-71d4-87e2-65e7470a2f21","2575398637","سامي عباس عبدالله سعيد الوصابي","","","019c18d5-62e1-7000-8000-000000000003","3","False"
"01a0bf9d-e0a3-7a4a-9b53-6666bd691dbc","2624518953","محمد ايجاس عبدال صمد","","","019c18d5-62e1-7000-8000-000000000003","3","False"
"01a0bf9d-e099-76af-b9c9-667feaef576e","2561148319","محمد عبدالحميد عبدالرؤف فتح الله","","","019c18d5-62e1-7000-8000-000000000003","3","False"
"01a0bf9d-e0a2-79c8-9162-66a6cabac330","2319732158","شمس جميل","","","019c18d5-62e1-7000-8000-000000000003","3","False"
"01a0bf9d-e0a5-7680-9d52-670d599ddb78","2507300982","احمد عبدالوهاب بكر حساني","","","019c18d5-62e1-7000-8000-000000000003","3","False"
"01a0bf9d-e0a6-7bb9-a08e-67241677fe0d","2287475244","محمد ابراهيم محمد خيري","","","019c18d5-62e1-7000-8000-000000000003","3","False"
"01a09667-03db-7fed-b3c4-678c24ad7cc0","2630343412","محمود عبدالسلام قرنى فتح الباب","","019c18d5-62e1-7000-8000-000000000040","019c18d5-62e1-7000-8000-000000000003","3","False"
"01a0bf9d-e0a2-7259-a8d1-679169939d58","2515548622","احمد ربيع عزوز عبدالعال","","","019c18d5-62e1-7000-8000-000000000005","3","False"
"01a0bf9d-e09c-779e-b4ad-67bb6488a4e9","2596464376","محمد محمد لطيف لطيف","","","019c18d5-62e1-7000-8000-000000000003","3","False"
"01a0bf9d-e09c-72b6-98d7-67c87481fec4","2094641301","رضا صلاح الدين ابراهيم","","","019c18d5-62e1-7000-8000-000000000003","3","False"
"01a09667-03d4-7e18-9ee2-67ce9ec9b483","2613172812","MUHAMMAD BILAL MAZHAR IQBAL","","019c18d5-62e1-7000-8000-000000000042","019c18d5-62e1-7000-8000-000000000003","3","False"
"01a09667-03c9-7bfe-b9e2-6829a7ad3665","2562702072","RUSTOM ALI","","019c18d5-62e1-7000-8000-000000000041","019c18d5-62e1-7000-8000-000000000003","3","False"
"01a0bf9d-e09b-79ff-ac1d-682cf50174ef","2608191827","عاصم علاء سيد محمد","","","019c18d5-62e1-7000-8000-000000000005","3","False"
"01a09667-03d9-7221-9f77-6839901b07b9","2624401515","امين ال حسن ال","","","019c18d5-62e1-7000-8000-000000000003","6","False"
"01a0bf9d-e09f-790c-bac6-685567739cd4","2569251677","احمد محمد على الملاح","","","019c18d5-62e1-7000-8000-000000000003","3","False"
"01a0bf9d-e0a0-7fb3-bd42-68a2c8608574","2637307204","كريم عبده جادالكريم عبدالامام","","","019c18d5-62e1-7000-8000-000000000003","3","False"
"01a0bf9d-e0a6-7520-b57a-68b31a69b598","2258329818","مصطفى كمال محمد ابراهي","","","019c18d5-62e1-7000-8000-000000000003","3","False"
"01a09667-03d5-7036-9ee9-68b9e6143f62","2621110614","ادهم حسن على حسن","","019c18d5-62e1-7000-8000-000000000042","019c18d5-62e1-7000-8000-000000000003","3","False"
"01a0bf9d-e09d-774a-82f1-68bdfc85c43d","2577281583","زياد محمد محمد حسين","","","019c18d5-62e1-7000-8000-000000000003","3","False"
"01a09667-03d5-74b4-a17b-68d331fcb6dc","2620008447","احمد هشام احمد عبد المجيد","","019c18d5-62e1-7000-8000-000000000042","019c18d5-62e1-7000-8000-000000000003","3","False"
"01a0bf9d-e09c-79bb-a89d-68fc68832dcb","2566519746","صلاح الدين هواري جمعه ياسين","","","019c18d5-62e1-7000-8000-000000000003","3","False"
"01a0bf9d-e09b-72bf-8db1-68ff11b67251","2522284526","محمد ابراهيم حامد مبارك","","","019c18d5-62e1-7000-8000-000000000003","3","False"
"01a0bf9d-e09e-7ef3-9c51-698ead48b38d","2535790881","يونس صالح محسن صالح سرقط","","","019c18d5-62e1-7000-8000-000000000003","3","False"
"01a09667-03c7-7c2c-9ab6-6990db1c8c7e","2484175191","عثمان جمال ابراهيم يحي","","019c18d5-62e1-7000-8000-000000000041","019c18d5-62e1-7000-8000-000000000003","3","False"
"01a11581-e731-7f77-b8d8-699703bb049e","2539646279","وائل منصور عبد الله محسن علي","","","019c18d5-62e1-7000-8000-000000000003","3","False"
"01a09667-03da-7d11-8875-69d643db0b4d","2592789974","حسن شعبان سيد","","019c18d5-62e1-7000-8000-000000000040","019c18d5-62e1-7000-8000-000000000003","3","False"
"01a0bf9d-e09e-7450-843d-69ef77cd9df4","2354010270","رضا عثمان محمد عربي","","","019c18d5-62e1-7000-8000-000000000003","3","False"
"01a0bf9d-e09e-7f91-abff-69f196986819","2452498708","سعد حسن جابر نيب","","","019c18d5-62e1-7000-8000-000000000003","3","False"
"01a0bf9d-e0a0-78ff-90c6-69f6a75e73eb","2273468914","ياسر محمد احمد محمد","","","019c18d5-62e1-7000-8000-000000000003","3","False"
"01a0bf9d-e09b-7370-8051-6a7c2ccf9d17","2597981949","طلال احمد مهدي محمد الهبهبي","","","019c18d5-62e1-7000-8000-000000000003","3","False"
"01a0bf9d-e0a0-7351-8539-6a8accbedfed","2328795840","محمد سعيد عمر","","","019c18d5-62e1-7000-8000-000000000003","3","False"
"01a0f778-186a-7550-888b-6aab60d9797c","2562289088","احمد حجازى محمد محمد","","","019c18d5-62e1-7000-8000-000000000003","3","False"
"01a0bf9d-e0a6-7b35-ab47-6ab0c92d0f2b","2400320822","محمد جلال فقير محمد","","","019c18d5-62e1-7000-8000-000000000003","3","False"
"01a0bf9d-e09b-7130-93c7-6add8d12183c","2583293184","سيد عبدالمحسن محمد على","","","019c18d5-62e1-7000-8000-000000000003","3","False"
"01a0bf9d-e0a3-780d-af02-6aeb50a78adf","2600722116","عمرو السيد زكي شعبان","","","019c18d5-62e1-7000-8000-000000000003","3","False"
"01a09667-03db-729f-aef6-6afdbb22f166","2627454941","كريم ابراهيم فرغلي يونس","","019c18d5-62e1-7000-8000-000000000040","019c18d5-62e1-7000-8000-000000000003","3","False"
"01a0bf9d-e09e-7643-b33e-6b0b4fc750bf","2510610997","محمد محمود محمد الشلقامي","","","019c18d5-62e1-7000-8000-000000000003","3","False"
"01a0bf9d-e0a0-7f8a-9eda-6b45d4d66df8","2617314162","كاساهون بيلاي جيتاهون","","","019c18d5-62e1-7000-8000-000000000003","3","False"
"01a09667-03d2-7a42-800f-6b65761ba336","2566572620","محمد محمد الحنوني علوان","","019c18d5-62e1-7000-8000-000000000042","019c18d5-62e1-7000-8000-000000000003","8","False"
"01a0bf9d-e0a5-7cf3-91c2-6bbc230cd3b3","2513721676","موهد وصيف عبد ال جبار","","","019c18d5-62e1-7000-8000-000000000003","3","False"
"01a0bf9d-e09e-72cb-9fe9-6bdbbebce509","2553451267","وثيق مختار محمد فارع جحار","","","019c18d5-62e1-7000-8000-000000000003","3","False"
"01a0bf9d-e099-7448-b011-6bdd215b33f1","2623929912","ابراهيم احمد محمد عبدالله","","","019c18d5-62e1-7000-8000-000000000003","3","False"
"01a09667-03db-766b-b897-6c004f39c11e","2629018488","Kazi Iftekhar Sadi","","019c18d5-62e1-7000-8000-000000000040","019c18d5-62e1-7000-8000-000000000005","8","False"
"01a0bf9d-e0a3-708e-b23e-6c1ce25037e2","2633056821","مد نظم ال حسن نيروب","","","019c18d5-62e1-7000-8000-000000000003","3","False"
"01a09667-03cd-7813-ad8c-6c237df4e67f","2600262071","SHOAIB ALI SOOMRO ABDUL JABBAR SOOMRO","","019c18d5-62e1-7000-8000-000000000041","019c18d5-62e1-7000-8000-000000000003","5","False"
"01a09667-03da-7380-bf2e-6c3456d6d882","2610794063","غيضان سليم حسين","","019c18d5-62e1-7000-8000-000000000040","019c18d5-62e1-7000-8000-000000000005","3","False"
"01a0bf9d-e09b-7c4a-b343-6c5fffc132f3","2603402823","احمد عبداللطيف احمد عقل","","","019c18d5-62e1-7000-8000-000000000003","3","False"
"01a0bf9d-e0a0-73bc-a0a2-6c66526b6eb0","2324481213","معظم علي امجد علي","","","019c18d5-62e1-7000-8000-000000000003","3","False"
"01a0bf9d-e0a0-7ab3-874b-6cb056bed3bd","2476882879","محمد وحيد احمد ابراهيم","","","019c18d5-62e1-7000-8000-000000000003","3","False"
"01a09667-03c7-7b40-8316-6ccc430cb011","2495934404","القاسم بكرى عبدالجليل محمد خير","","019c18d5-62e1-7000-8000-000000000041","019c18d5-62e1-7000-8000-000000000003","3","False"
"01a09667-03d0-748b-a753-6d1030f124eb","2640405714","MD RONY AHMED","","019c18d5-62e1-7000-8000-000000000041","019c18d5-62e1-7000-8000-000000000003","3","False"
"01a0bf9d-e09f-7012-b643-6d12233f7216","2372431144","وهيب عبد الله محمد فارع الجعشني","","","019c18d5-62e1-7000-8000-000000000003","3","False"
"01a11094-afa0-7990-9b79-6d70fee2dac9","2615811292","احمد عمر مهدي إبراهيم السعفاف","","","019c18d5-62e1-7000-8000-000000000003","3","False"
"01a0bf9d-e0a4-76d9-aad0-6d8e9ee8b99f","2550384131","أونين علي محمد أسلم","","","019c18d5-62e1-7000-8000-000000000003","3","False"
"01a0bf9d-e09b-799d-a49a-6d8f503e7de8","2407226568","سمير العزاوي","","","019c18d5-62e1-7000-8000-000000000003","3","False"
"01a0bf9d-e0a1-7cb6-8005-6da94fc7c8bb","2413107224","محمد صابر محمد عبد الله","","","019c18d5-62e1-7000-8000-000000000003","3","False"
"01a0bf9d-e0a5-783b-bdf3-6dc203ef729e","2479452126","ساجد علي ناصر الدين نصير","","","019c18d5-62e1-7000-8000-000000000003","3","False"
"01a0bf9d-e0a0-7b29-bce9-6de0032e7c92","2578615094","محمود ياسر شكرى بحر","","","019c18d5-62e1-7000-8000-000000000003","3","False"
"01a0bf9d-e0a1-7b7e-8a83-6df8e469b111","2476633082","موسي احمد يحيي","","","019c18d5-62e1-7000-8000-000000000003","3","False"
"01a0bf9d-e0a4-74bf-98d3-6e1f3c5c04f0","2552349462","محمد بوكس علي ابراهيم","","","019c18d5-62e1-7000-8000-000000000003","3","False"
"01a0bf9d-e099-7951-9cd7-6e1f7bbea1d2","2545670073","مد مستقيم","","","019c18d5-62e1-7000-8000-000000000003","3","False"
"01a09667-03cc-751a-aad9-6e3fac2fd7ee","2587728102","احمد كمال عبدالعزيز الدبعي","","019c18d5-62e1-7000-8000-000000000041","019c18d5-62e1-7000-8000-000000000003","3","False"
"01a09667-03d2-75b4-aa18-6e490c936b11","2567243304","محمد عبدالعزيز احمد حسين","","019c18d5-62e1-7000-8000-000000000042","019c18d5-62e1-7000-8000-000000000003","3","False"
"01a0f19b-e6b0-754f-a205-6e499830c880","2398004149","محمد ازوار ميرا ساحبو","","","019c18d5-62e1-7000-8000-000000000003","3","False"
"01a0bf9d-e09b-7c2b-9528-6e976625741f","2280910940","صلاح عادل محمد عبد العال","","","019c18d5-62e1-7000-8000-000000000003","3","False"
"01a0bf9d-e0a2-77ff-a69c-6f49acbeba08","2623104540","نوراحمد ادم","","","019c18d5-62e1-7000-8000-000000000003","3","False"
"01a0bf9d-e09a-7aa6-9309-6f66d7aa02f2","2325598395","محمد كمال حسن محمود","","","019c18d5-62e1-7000-8000-000000000003","3","False"
"01a09667-03d5-72f7-9c74-6f7a339e7ae0","2620778767","محمد جلال محمود فهمى","","019c18d5-62e1-7000-8000-000000000042","019c18d5-62e1-7000-8000-000000000003","3","False"
"01a0ed65-4c89-7d51-aed7-6f8a1d70663a","2642956516","محمود محمد محمود اسماعيل","","","019c18d5-62e1-7000-8000-000000000003","3","False"
"01a0bf9d-e0a1-7612-8ab8-6fa916f87273","2328098591","عبد المولا كاسو","","","019c18d5-62e1-7000-8000-000000000003","3","False"
"01a0bf9d-e0a2-7919-91e7-6fbe89272dc1","2343797045","عادل يوسف هبه جعفر","","","019c18d5-62e1-7000-8000-000000000003","3","False"
"01a0bf9d-e09b-7341-8ad4-6fd05c13e4f4","2508680135","ميسره فكري سعيد فضل","","","019c18d5-62e1-7000-8000-000000000003","3","False"
"01a1162c-76c0-7075-b96a-6fe5b6f6eafb","2579662079","محمود احمد حسن عامر","","","019c18d5-62e1-7000-8000-000000000003","3","False"
"01a09667-03d4-71b1-98c5-6fecd67bbe30","2615981905","MD ABU SAYED","","019c18d5-62e1-7000-8000-000000000042","019c18d5-62e1-7000-8000-000000000005","3","False"
"01a0bf9d-e0a0-7eab-8ebd-7069b0c5a04f","2341129266","محمد محسن علي سالم","","","019c18d5-62e1-7000-8000-000000000003","3","False"
"01a0bf9d-e0a0-762e-8325-70c128efa3af","2635106756","محمد جمال شعبان توتو","","","019c18d5-62e1-7000-8000-000000000003","3","False"
"01a09667-03cd-769c-b572-70e89302dcf2","2597443486","ANIK ANOWAR HOSEN","","019c18d5-62e1-7000-8000-000000000041","019c18d5-62e1-7000-8000-000000000003","3","False"
"01a0bf9d-e09e-70d5-9a0c-70ec537104dd","2339597615","اول محيي عمرو","","","019c18d5-62e1-7000-8000-000000000003","3","False"
"01a11098-75a6-769e-b021-71653a908e90","2642066043","ابو السعيد","","","019c18d5-62e1-7000-8000-000000000003","3","False"
"01a0bf9d-e09d-7c10-8dc8-7170d763fe77","2566970691","محمد احمد امين احمد","","","019c18d5-62e1-7000-8000-000000000003","3","False"
"01a0bf9d-e0a5-7304-b565-71833bf3f0c3","2466186695","غضنفر حسين","","","019c18d5-62e1-7000-8000-000000000003","3","False"
"01a0bf9d-e0a1-7731-b164-71931fccd960","2537856615","همد حامد همد محمد","","","019c18d5-62e1-7000-8000-000000000003","3","False"
"01a0bf9d-e09a-79b4-9ff9-719a14b367f5","2503882504","طفيل أحمد","","","019c18d5-62e1-7000-8000-000000000003","3","False"
"01a0bf9d-e09a-7dfa-8168-71f3e651faca","2615539240","مد فاروق ا حسين","","","019c18d5-62e1-7000-8000-000000000003","3","False"
"01a0bf9d-e0a0-7f4c-9c2b-720db197001a","2580974133","وهيب الدين جلال الدين","","","019c18d5-62e1-7000-8000-000000000003","3","False"
"01a0bf9d-e0a1-7e44-8c37-72103fa39d01","2555935887","حذیفه صالح عبده طاهر قاسم","","","019c18d5-62e1-7000-8000-000000000003","3","False"
"01a0bf9d-e06b-7bb9-bfc3-7234671c62e5","2564235006","عبدالرقيب محمد صالح","","","019c18d5-62e1-7000-8000-000000000005","3","False"
"01a09667-03da-7e44-9fc1-725845fcc925","2519259358","بلال احمد حبيب رحمان","","019c18d5-62e1-7000-8000-000000000040","019c18d5-62e1-7000-8000-000000000003","3","False"
"01a09667-03c9-7d63-82f5-726e085bacca","2560773141","عاصم محمد عبدالله صلاح جنان","","019c18d5-62e1-7000-8000-000000000041","019c18d5-62e1-7000-8000-000000000003","5","False"
"01a0bf9d-e0a7-7f06-9b76-7274a84d1be7","2052084213","راني عبد الله احمد مهيوب","","","019c18d5-62e1-7000-8000-000000000003","3","False"
"01a09667-03d1-7409-965e-729aab08bd35","2554287728","محمد على مصطفى على","","019c18d5-62e1-7000-8000-000000000042","019c18d5-62e1-7000-8000-000000000003","3","False"
"01a09667-03da-7d42-aa55-72daedb0c9ef","2612570016","شاهين محمود شاهين","","019c18d5-62e1-7000-8000-000000000040","019c18d5-62e1-7000-8000-000000000005","3","False"
"01a09667-03db-72e8-b498-730732b0d2bd","2629019411","MD SHAHADAT - HOSSAIN","","019c18d5-62e1-7000-8000-000000000040","019c18d5-62e1-7000-8000-000000000003","3","False"
"01a0bf9d-e098-7c08-98d4-73249ac0f242","2583631557","اسامه يحي احمد قطافي","","","019c18d5-62e1-7000-8000-000000000003","3","False"
"01a0bf9d-e0a5-7a51-82b3-7372f0035194","2506174750","مد امين ال الرحمن","","","019c18d5-62e1-7000-8000-000000000003","3","False"
"01a0bf9d-e0a6-7793-a0f7-7388bd56cd16","2339976413","اقيل احمد محمد اشرف","","","019c18d5-62e1-7000-8000-000000000003","3","False"
"01a0bf9d-e0a1-7f20-baa0-73932c78d9b5","2549287122","محمد مير فاروقي عبد ال ستار","","","019c18d5-62e1-7000-8000-000000000003","3","False"
"01a09667-03cb-76d3-a48d-739747c9ed7b","2583279233","حازم محمد اسماعيل اسماعيل","","019c18d5-62e1-7000-8000-000000000041","019c18d5-62e1-7000-8000-000000000003","3","False"
"01a09667-03cf-71f2-b235-73aa140fa3c8","2615898232","HOSEN ALI","","019c18d5-62e1-7000-8000-000000000041","019c18d5-62e1-7000-8000-000000000003","3","False"
"01a0bf9d-e099-7929-8aae-73ba750b1df7","2445002112","جلال مهدي محمد مرشد","","","019c18d5-62e1-7000-8000-000000000005","3","False"
"01a0bf9d-e0a6-7058-9be0-73be1a6dac78","2309757371","جانجر ريف","","","019c18d5-62e1-7000-8000-000000000003","3","False"
"01a0bf9d-e09c-7819-bd16-73eb57e1407d","2445446152","عبدالله يحي احمد المرهبي","","","019c18d5-62e1-7000-8000-000000000003","3","False"
"01a0bf9d-e09d-74f1-9f0a-73fc6aa5da13","2560428969","عمر معوض عويس","","","019c18d5-62e1-7000-8000-000000000003","3","False"
"01a0bf9d-e0a5-7bbd-a9d9-740361c1bc85","2426068322","محمد ريشاد ام مويبو","","","019c18d5-62e1-7000-8000-000000000003","3","False"
"01a0bf9d-e0a3-7eb3-853d-7423c92e5eca","2629614864","علي عمران شوكت علي شاهد","","","019c18d5-62e1-7000-8000-000000000003","3","False"
"01a0bf9d-e09a-7b5b-aef3-742ede47b619","2569602655","احمد صبرى احمد منصور","","","019c18d5-62e1-7000-8000-000000000003","3","False"
"01a0bf9d-e0a4-75ed-bc4a-744c4ea83e69","2541848608","ممحد عيس عيس اويس","","","019c18d5-62e1-7000-8000-000000000003","3","False"
"01a0bf9d-e099-78a4-819a-74723b0fb32b","2329685909","سراج احمد محمد","","","019c18d5-62e1-7000-8000-000000000003","3","False"
"01a0bf9d-e09c-716b-aeb3-7480c40f676a","2492597436","يونس نجيب طالب","","","019c18d5-62e1-7000-8000-000000000003","3","False"
"01a09667-03d1-7428-91bb-751fbc906ed4","2539395836","APU SHUTRA DHAR","","019c18d5-62e1-7000-8000-000000000042","019c18d5-62e1-7000-8000-000000000003","3","False"
"01a0bf9d-e099-79c2-bd00-7534e5d4939e","2627635622","عبدالرحمن فهد احمد غالب","","","019c18d5-62e1-7000-8000-000000000005","3","False"
"01a0bf9d-e09d-7182-bd3d-753b8cdb504f","2524903040","مد هردو رانا","","","019c18d5-62e1-7000-8000-000000000003","3","False"
"01a0bf9d-e0a5-7009-81a9-7543a809ad8d","2447093879","اختر حسين","","","019c18d5-62e1-7000-8000-000000000003","3","False"
"01a0bf9d-e0a2-72fa-bcce-7560acd63ce3","2584276279","نورمد مح","","","019c18d5-62e1-7000-8000-000000000003","3","False"
"01a0bf9d-e0a7-790d-a0de-758374e1b6d5","2052480239","حسام عربان عربان حجازى","","","019c18d5-62e1-7000-8000-000000000003","3","False"
"01a0bf9d-e0a5-7890-8214-75a08d50b324","2503143238","فيصل سالم علي الحامد","","","019c18d5-62e1-7000-8000-000000000003","3","False"
"01a11597-0414-73bb-9f72-75ac0e871991","1111111111","كارت مكتب الرياض","","","019c18d5-62e1-7000-8000-000000000005","3","False"
"01a0bf9d-e09f-7e41-9f6a-75c9d31e4c12","2624148918","احمد عطيه محمد عبدالرحيم","","","019c18d5-62e1-7000-8000-000000000003","3","False"
"01a0ecc2-d6cc-755f-98e4-75e0659880b6","2540687924","عبيد الله جول زارات","","","019c18d5-62e1-7000-8000-000000000003","3","False"
"01a0bf9d-e09f-7051-8d69-75ff1ed11d0e","2629136454","يوراما سيمون تسفال ابرها","","","019c18d5-62e1-7000-8000-000000000003","3","False"
"01a0bf9d-e0a0-7d0d-88c2-7627433fdb8e","2611888393","معاذ عبد الله سعيد عثمان","","","019c18d5-62e1-7000-8000-000000000003","3","False"
"01a0bf9d-e0a5-7977-bf09-7657520c2440","2484934159","مد معصوم حسين","","","019c18d5-62e1-7000-8000-000000000003","3","False"
"01a0bf9d-e09e-7be9-a0e4-765c21856d7a","2040808988","سليمان عوض عمر الديني","","","019c18d5-62e1-7000-8000-000000000003","3","False"
"01a0bf9d-e099-7841-838d-766eaf0a763e","2232496550","قايد محمد قايد الصوفي","","","019c18d5-62e1-7000-8000-000000000003","3","False"
"01a0bf9d-e0a3-7153-943c-7675739977ec","2632595688","محمد يار","","","019c18d5-62e1-7000-8000-000000000003","3","False"
"01a0bf9d-e09a-798a-8fda-76b700d9be65","2603496007","ايمن محمد محمد عبدالواحد","","","019c18d5-62e1-7000-8000-000000000003","3","False"
"01a0bf9d-e09c-7d13-bdc9-76d930bec918","2464280904","مصعب محمد المبارك عبدالرحيم","","","019c18d5-62e1-7000-8000-000000000003","3","False"
"01a0bf9d-e0a0-70a4-b710-772730479e99","2338486869","اطهار شكيب عبد الرحيم","","","019c18d5-62e1-7000-8000-000000000003","3","False"
"01a0bf9d-e09f-761b-9b26-77bc79efc039","2301586208","احمد يسرى توفيق السيد","","","019c18d5-62e1-7000-8000-000000000003","3","False"
"01a0bf9d-e099-7af0-bb73-77d6293ec7e7","2515590913","الامين العبيد الامين احمد","","","019c18d5-62e1-7000-8000-000000000005","3","False"
"01a0bf9d-e0a6-71ba-b3b6-77e320f6d833","2326666381","عبدالصمد مارو محمد","","","019c18d5-62e1-7000-8000-000000000003","3","False"
"01a09667-03d6-7963-bec5-77fedab10e94","2623793433","اسماعيل جمال اسماعيل محمد","","019c18d5-62e1-7000-8000-000000000042","019c18d5-62e1-7000-8000-000000000005","3","False"
"01a09667-03d6-7a97-8953-7807bb7136d8","2510588011","قدس ميا","","","019c18d5-62e1-7000-8000-000000000003","6","False"
"01a0bf9d-e0a2-7823-9f50-7817bfe3196e","2538552486","احمد حسن محمد الصعيدى","","","019c18d5-62e1-7000-8000-000000000003","3","False"
"01a09667-03c9-798d-97ad-785c90775970","2556645477","RASHID ALI MUHAMMAD ANWAR","","019c18d5-62e1-7000-8000-000000000041","019c18d5-62e1-7000-8000-000000000003","3","False"
"01a0bf9d-e0a4-7144-b949-789716d63ef0","2545002996","وائل محمد يحيى حليه","","","019c18d5-62e1-7000-8000-000000000003","3","False"
"01a0bf9d-e0a3-7471-9919-789772a006ca","2623611718","جاهير سامس الدين","","","019c18d5-62e1-7000-8000-000000000003","3","False"
"01a0bf9d-e09f-7801-a8e2-78abbde6e518","2573957749","جيبيلي سعيد برايم","","","019c18d5-62e1-7000-8000-000000000003","3","False"
"01a09667-03d1-7284-b756-794f168d93e1","2537012359","ياسر محمد محمد فايد","","019c18d5-62e1-7000-8000-000000000042","019c18d5-62e1-7000-8000-000000000003","3","False"
"01a10715-fe1a-7667-862e-798e75ebcfc5","2553845369","حسن سليم عبد الكريم سليم","","","019c18d5-62e1-7000-8000-000000000005","3","False"
"01a0bf9d-e099-7f25-8b8e-799ca159c778","2554941415","مد رايان","","","019c18d5-62e1-7000-8000-000000000003","3","False"
"01a0f2ab-6828-7427-b22e-79a4bd5e282b","2567997594","محمد حسين كامل الديب","","","019c18d5-62e1-7000-8000-000000000005","3","False"
"01a0bf9d-e09c-7f0f-8f11-7a183e1d195c","2550371856","محمد احمد محمد عبد الراضى","","","019c18d5-62e1-7000-8000-000000000003","3","False"
"01a0bf9d-e09f-78f8-b15e-7a862f9286c1","2347668515","حسن محمد","","","019c18d5-62e1-7000-8000-000000000003","3","False"
"01a0bf9d-e0a1-7b2e-b4b9-7a8976848dc2","2342273576","يونس تيوم هايلوم","","","019c18d5-62e1-7000-8000-000000000003","3","False"
"01a0bf9d-e09a-7b3f-9449-7aa944bd5319","2104887514","محمد عبدالله محمد ابراهيم","","","019c18d5-62e1-7000-8000-000000000003","3","False"
"01a0bf9d-e09f-73cc-b2f0-7af606c762a3","2618927962","احمد سيد احمد حسن","","","019c18d5-62e1-7000-8000-000000000003","3","False"
"01a0bf9d-e098-7431-823e-7b335e5b8dbd","2614327209","تنوير حسن جميل","","","019c18d5-62e1-7000-8000-000000000003","3","False"
"01a09667-03d4-73b9-9c4d-7b84d96be9c6","2615560725","حسين ياسر طه محمد","","019c18d5-62e1-7000-8000-000000000042","019c18d5-62e1-7000-8000-000000000005","3","False"
"01a09667-03c9-79c3-943c-7b9231f7dd27","2554802294","اسلام روبى اسماعيل منصور","","019c18d5-62e1-7000-8000-000000000041","019c18d5-62e1-7000-8000-000000000003","3","False"
"01a09667-03d9-7d30-84a2-7ba4fc38ac53","2597583356","مران اوسين روبل","","019c18d5-62e1-7000-8000-000000000041","019c18d5-62e1-7000-8000-000000000003","7","False"
"01a0bf9d-e09c-7708-9055-7bbfcfa69218","2500340910","موسى محمد يحيى ناصر القطافي","","","019c18d5-62e1-7000-8000-000000000003","3","False"
"01a0bf9d-e0a2-78a5-b640-7bf2a666bdcd","2610530780","محمد جمال يدين","","","019c18d5-62e1-7000-8000-000000000005","3","False"
"01a09667-03d4-724e-8bed-7c07f41baf65","2612590345","سعيد عبده عبدالمنعم محمود","","019c18d5-62e1-7000-8000-000000000042","019c18d5-62e1-7000-8000-000000000005","3","False"
"01a0f197-f156-7df0-9d12-7c52c6802c61","2594260842","خالد طه عبد الرؤف البلبيسي","","","019c18d5-62e1-7000-8000-000000000003","3","False"
"01a0f267-87b3-75be-819d-7c5e8b054cb4","2625721028","سفيان عصام عبد المنعم احمد","","","019c18d5-62e1-7000-8000-000000000003","3","False"
"01a09667-03d8-7722-8308-7c63639285c6","2599253867","محمد طيب محمد طيب","","","019c18d5-62e1-7000-8000-000000000003","6","False"
"01a09667-03d9-74c5-938b-7cc4b5efc531","2566441529","محمد حسن طاهر محمود","","","019c18d5-62e1-7000-8000-000000000003","6","False"
"01a0bf9d-e0a4-78ee-ba84-7d032ffe6357","2518010505","فايز أول حسن مالك محمد أجمل","","","019c18d5-62e1-7000-8000-000000000003","3","False"
"01a0bf9d-e0a6-7307-9aa5-7d2466e53f53","2363563509","طيب حسين محمد افضل","","","019c18d5-62e1-7000-8000-000000000003","3","False"
"01a09667-03c9-70dc-a63f-7d32e92979c8","2561524253","MD SAJIB HOSSIAN","","019c18d5-62e1-7000-8000-000000000041","019c18d5-62e1-7000-8000-000000000003","3","False"
"01a09667-03c8-7ec6-9464-7d330e4c8bfa","2533070799","MD KABIR HOSSEN","","019c18d5-62e1-7000-8000-000000000041","019c18d5-62e1-7000-8000-000000000003","3","False"
"01a09667-03c9-71ce-ae41-7d9d18d3c9d3","2557110117","MOHAMMED AHSAN ULLAH","","019c18d5-62e1-7000-8000-000000000041","019c18d5-62e1-7000-8000-000000000003","3","False"
"01a09667-03ca-741a-a1ac-7daab8fb074a","2564959662","عبدالله مصطفى حميده سعد","","019c18d5-62e1-7000-8000-000000000041","019c18d5-62e1-7000-8000-000000000003","3","False"
"01a0bf9d-e0a6-7f92-9fad-7dae7328a777","2237495946","سليمان حسن علي","","","019c18d5-62e1-7000-8000-000000000003","3","False"
"01a0bf9d-e09c-70be-a595-7ddf5133a131","2147070623","بندر طاهر فلاته","","","019c18d5-62e1-7000-8000-000000000003","3","False"
"01a0bf9d-e098-7250-bd98-7e05aab967d8","2456899315","زين العابدين علي محمد القطاقي","","","019c18d5-62e1-7000-8000-000000000003","3","False"
"01a10cad-6cf1-7a7f-8615-7e2b83e34f1b","2473908107","ابراهيم صالح علي الضيفي","","","019c18d5-62e1-7000-8000-000000000003","3","False"
"01a09667-03d8-7cca-8459-7e31f5fe1875","2522011358","مان حوسان","","","019c18d5-62e1-7000-8000-000000000003","6","False"
"01a0bf9d-e0a5-7ca3-98a6-7e63126c7e87","2485353581","محمد احمد محمد احمد ادم","","","019c18d5-62e1-7000-8000-000000000003","3","False"
"01a0bf9d-e0a1-75a8-b92f-7e9bdb36a494","2613020136","محمود فتحى محمود السيد","","","019c18d5-62e1-7000-8000-000000000003","3","False"
"01a0bf9d-e09b-7067-af7a-7eaf280b797c","2548615646","مصطفي عزمي محمد العراقي","","","019c18d5-62e1-7000-8000-000000000003","3","False"
"01a0bf9d-e09b-7618-bebd-7ec11cad2c7f","2500452285","مصطفي جعفر مصطفي محمد","","","019c18d5-62e1-7000-8000-000000000003","3","False"
"01a0bf9d-e0a5-7f87-bd79-7ed1e002c3b6","2501795211","سامح محمد سعيد القاسمي","","","019c18d5-62e1-7000-8000-000000000003","3","False"
"01a0bf9d-e09a-74e6-8e14-7ef9c26e0e25","2512024593","مد رويل مياه","","","019c18d5-62e1-7000-8000-000000000003","3","False"
"01a0bf9d-e09c-7028-9772-7f081ba907f4","2466612203","احمد فتحي احمد صالح","","","019c18d5-62e1-7000-8000-000000000003","3","False"
"01a0bf9d-e09f-707f-be56-7f3817cbf5d5","2473916969","قربان علي غلام جمال","","","019c18d5-62e1-7000-8000-000000000003","3","False"
"01a0bf9d-e0a2-7310-8efa-7f40edc13774","2561942869","صالح سالم صالح احمد جعير","","","019c18d5-62e1-7000-8000-000000000003","3","False"
"01a0bf9d-e0a3-7ab1-9077-7f5759b27a83","2630669634","محمد دارويش شات خان","","","019c18d5-62e1-7000-8000-000000000003","3","False"
"01a0bf9d-e09a-732c-8540-7f687f86f548","2553788809","محمد ابراهيم اسماعيل الدسوقى","","","019c18d5-62e1-7000-8000-000000000003","3","False"
"01a0bf9d-e09a-75ed-8e41-7fb131397558","2591186479","محمد ميزانور ميزانور ميزانور رحمن","","","019c18d5-62e1-7000-8000-000000000003","3","False"
"01a0f22e-334f-7754-8b1b-7fc267ada587","2631136781","مد حسن فرهد","","","019c18d5-62e1-7000-8000-000000000003","3","False"
"01a0bf9d-e097-71e5-9e21-7fdd87eed266","2601111061","بيبول اسلام","","","019c18d5-62e1-7000-8000-000000000003","3","False"
"01a09667-03cc-78a8-ae33-7ff2fa40e8bf","2586666717","محمد نبيل احمد عبدالعزيز","","019c18d5-62e1-7000-8000-000000000041","019c18d5-62e1-7000-8000-000000000003","3","False"
"01a0bf9d-e098-7356-ad0c-805a6982ab4c","2617709296","محمد ريديو حوسان","","","019c18d5-62e1-7000-8000-000000000003","3","False"
"01a0bf9d-e09d-7d9d-a992-80be59ce3d14","2568403485","محمد فتحي عبد العليم علي","","","019c18d5-62e1-7000-8000-000000000003","3","False"
"01a0bf9d-e099-7902-86db-80e3f672a3bc","2577662626","حسام حسين ابراهيم ابراهيم","","","019c18d5-62e1-7000-8000-000000000003","3","False"
"01a0bf9d-e0a5-7ff4-9be8-80e550226639","2431811088","زيل اسلام","","","019c18d5-62e1-7000-8000-000000000003","3","False"
"01a0bf9d-e09f-7938-8008-80fdd1f9ebbd","2139741918","اسامه بدوي يسن علي","","","019c18d5-62e1-7000-8000-000000000003","3","False"
"01a0bf9d-e099-78c6-95b2-8114b4567f74","2557854797","أم دي وحيد النبي شهنور محمد","","","019c18d5-62e1-7000-8000-000000000003","3","False"
"01a09667-03cb-7d99-add4-8127e4162be2","2581056997","خالد وليد رمزى عطيه","","019c18d5-62e1-7000-8000-000000000041","019c18d5-62e1-7000-8000-000000000003","3","False"
"01a0bf9d-e09f-7152-8b36-819d76df365f","2530494356","حسام عرفه عابد بركات","","","019c18d5-62e1-7000-8000-000000000003","3","False"
"01a09667-03d0-70dd-9017-81a283ed29a6","2640335853","MD ARMAN","","019c18d5-62e1-7000-8000-000000000041","019c18d5-62e1-7000-8000-000000000003","3","False"
"01a0bf9d-e0a0-7783-9f44-81c05efd388d","2493932707","محمد العزيز عبدال عرفان","","","019c18d5-62e1-7000-8000-000000000003","3","False"
"01a0bf9d-e0a2-709b-acd0-81d1cde41280","2192224265","جاسيم على","","","019c18d5-62e1-7000-8000-000000000005","3","False"
"01a0bf9d-e09c-72a9-9301-82001c46b712","2517894867","احمد سيد عمار","","","019c18d5-62e1-7000-8000-000000000003","3","False"
"01a0bf9d-e09b-74aa-9a29-824b11e45948","2576743740","محمود ربيع حسن عبدالوهاب","","","019c18d5-62e1-7000-8000-000000000003","3","False"
"01a0bf9d-e0a3-7d89-b33d-8268a13bdc97","2581193212","محمد كاشف باشير احمد","","","019c18d5-62e1-7000-8000-000000000003","3","False"
"01a0bf9d-e099-7f69-a80f-826d1c3c2455","2579060357","خالد سعيد محمد عبد اللطيف","","","019c18d5-62e1-7000-8000-000000000003","3","False"
"01a0bf9d-e098-7f6a-a688-82809086b763","2165745643","حسن شوعي حسن سالم","","","019c18d5-62e1-7000-8000-000000000003","3","False"
"01a0bf9d-e09f-76d0-a9db-82adbfe8ff8c","2572694947","وليد نبيه السيد كشك","","","019c18d5-62e1-7000-8000-000000000003","3","False"
"01a0bf9d-e09b-7049-8486-82cee2f6598c","2480276639","وفا محمد عبدالرحمن وفا","","","019c18d5-62e1-7000-8000-000000000003","3","False"
"01a0bf9d-e09a-7d39-9ab4-82e9c565ecec","2497106670","عمار ياسر محمد علي","","","019c18d5-62e1-7000-8000-000000000003","3","False"
"01a0bf9d-e098-764b-9eaf-82ef3891ea24","2633472358","مد احمد","","","019c18d5-62e1-7000-8000-000000000003","3","False"
"01a09667-03c9-7869-bb79-82f4cbd6eebe","2559352261","محمد صبرى احمد نصار","","019c18d5-62e1-7000-8000-000000000041","019c18d5-62e1-7000-8000-000000000003","6","False"
"01a0bf9d-e09d-7b63-a1d8-832ddfc767d7","2553189800","حسن رازا محمد صديق","","","019c18d5-62e1-7000-8000-000000000003","3","False"
"01a09667-03d9-7891-a0d2-8373a7714d73","2561011707","محمد اشرف السعيد ابو الفتوح","","","019c18d5-62e1-7000-8000-000000000003","6","False"
"01a09667-03cc-7533-833b-8375e8dde00b","2590887952","MD ABDUR RAHMAN SOBUJ","","019c18d5-62e1-7000-8000-000000000041","019c18d5-62e1-7000-8000-000000000003","3","False"
"01a0bf9d-e0a6-7d17-a310-83819f7b99a7","2222421428","سعد الرحمن شاه ماند","","","019c18d5-62e1-7000-8000-000000000003","3","False"
"01a09667-03d0-70b1-abe7-83910be7a0e0","2256734357","منتصر ممدوح صالح على","","019c18d5-62e1-7000-8000-000000000042","019c18d5-62e1-7000-8000-000000000003","3","False"
"01a09667-03ce-730e-abc5-839de19010f0","2605873690","MUHAMMAD ALEEM HADAYAT ULLAH WASEEM","","019c18d5-62e1-7000-8000-000000000041","019c18d5-62e1-7000-8000-000000000003","5","False"
"01a0f1a2-399e-7f47-b2d6-83a068643f0a","2486377753","مصطفي خان أسماعيل ارسلان","","","019c18d5-62e1-7000-8000-000000000003","3","False"
"01a0bf9d-e09a-7b7a-bda8-83c8828d7aa3","2591187782","محمد صدام صدام صدام ساك","","","019c18d5-62e1-7000-8000-000000000003","3","False"
"01a10c5f-735d-7de9-b33d-83ddcd7284a9","2594329993","رحمان ابدور ابدور ابدور","","","019c18d5-62e1-7000-8000-000000000005","3","False"
"01a0bf9d-e0a6-7c30-960b-83e7c49a1fd5","2383672181","مجيد مجيد غلام عباس","","","019c18d5-62e1-7000-8000-000000000003","3","False"
"01a09667-03d5-7bba-b021-83ed6539b93a","2620688800","حسام الدين محمد محمد بدر","","019c18d5-62e1-7000-8000-000000000042","019c18d5-62e1-7000-8000-000000000003","3","False"
"01a0bf9d-e09d-7fb8-9922-8425d5761f9f","2560430254","حسينى مدحت حسينى السيد","","","019c18d5-62e1-7000-8000-000000000003","3","False"
"01a0bf9d-e09a-73cc-8800-8458b21c293e","2414576443","الدسوقي السعيد محمد سليمان","","","019c18d5-62e1-7000-8000-000000000003","3","False"
"01a0bf9d-e0a2-715f-8ed2-847702592c15","2022845651","محمد أحمد محمد - عالم البلوشي","","","019c18d5-62e1-7000-8000-000000000003","3","False"
"01a09667-03d4-7ce2-8a1a-848928ec87a7","2614052658","محمد احمد محمد نوار","","019c18d5-62e1-7000-8000-000000000042","019c18d5-62e1-7000-8000-000000000003","3","False"
"01a0bf9d-e09c-7385-b6d7-8498b2cfb372","2587469780","عبدالله يحيي صالح الكوكباني","","","019c18d5-62e1-7000-8000-000000000003","3","False"
"01a0bf9d-e0a2-7dd3-9b1a-84a954605ffb","2342583552","حسين كاساو ديساليو","","","019c18d5-62e1-7000-8000-000000000003","3","False"
"01a09667-03d6-738c-bafa-84ac5fef6d7e","2512025293","زابيد اوسين","","","019c18d5-62e1-7000-8000-000000000003","6","False"
"01a09667-03d4-7b4c-881b-84c6cecccadd","2614003578","MD ABU MUSA","","019c18d5-62e1-7000-8000-000000000042","019c18d5-62e1-7000-8000-000000000003","3","False"
"01a0bf9d-e09b-7929-9f0a-84df0a4b3202","2575174186","احمد فتحي حامد جوده","","","019c18d5-62e1-7000-8000-000000000003","3","False"
"01a0f214-8ab1-7db3-be65-84df2777cc3f","2603714979","محمد مفضل عبدالرحمن الليث","","","019c18d5-62e1-7000-8000-000000000005","3","False"
"01a0bf9d-e09d-756a-88e8-850eeabac732","2592158634","محمد بن صالح عباسي","","","019c18d5-62e1-7000-8000-000000000003","3","False"
"01a0bf9d-e09f-7dcc-9774-851347c224d8","2088607086","عبد الرحمن محمد صغير يوسف","","","019c18d5-62e1-7000-8000-000000000003","3","False"
"01a0bf9d-e09e-7b5b-bd4e-8515a1cb7aaa","2476344441","محمد صالح محمد عثمان","","","019c18d5-62e1-7000-8000-000000000003","3","False"
"01a09667-03cd-76a5-82e7-853acd7623e1","2593657261","عبدالرحمن يوسف محمد يوسف","","019c18d5-62e1-7000-8000-000000000041","019c18d5-62e1-7000-8000-000000000003","5","False"
"01a0bf9d-e097-7aa3-addd-854efacb84d4","2017896693","اسماعيل محمد - عثمان","","","019c18d5-62e1-7000-8000-000000000003","3","False"
"01a09667-03d0-728e-9808-8555e7e5d87a","2643890250","MD SOJOL HOSSAIN","","019c18d5-62e1-7000-8000-000000000041","019c18d5-62e1-7000-8000-000000000005","3","False"
"01a0bf9d-e0a4-79e4-8a20-85a5c00ee45b","2544182716","محمد روني ميا","","","019c18d5-62e1-7000-8000-000000000003","3","False"
"01a09667-03d5-7794-b268-85a84ba7a6b4","2620274197","اسلام احمد محمود احمد","","019c18d5-62e1-7000-8000-000000000042","019c18d5-62e1-7000-8000-000000000005","3","False"
"01a0bf9d-e099-7827-9d06-85be411c005c","2623009392","احمد محمود عبد السلام عبدالغني","","","019c18d5-62e1-7000-8000-000000000005","3","False"
"01a0bf9d-e09c-7557-82ae-85c410b21790","2566480584","محمد حسن محمد علي","","","019c18d5-62e1-7000-8000-000000000003","3","False"
"01a09667-03db-7ede-b0bd-8603cc9d6dc5","2630898415","احمد ماهر مهدي","","019c18d5-62e1-7000-8000-000000000040","019c18d5-62e1-7000-8000-000000000003","3","False"
"01a0bf9d-e098-7887-b0d3-8610187f35e1","2429330158","سراج احمد مسلامان","","","019c18d5-62e1-7000-8000-000000000005","3","False"
"01a0bf9d-e09e-7ae3-8018-865cda941607","2399670542","هشام حسن خضر شامی","","","019c18d5-62e1-7000-8000-000000000003","3","False"
"01a0e802-3d05-7ae8-8327-8660563de59b","2487610160","الفاتح عمر حامد بريمه","","","019c18d5-62e1-7000-8000-000000000003","3","False"
"01a09667-03c7-7fb9-b32c-8684cc020e7e","2509669558","محمود عبد الفتاح الجوهرى عبد الجواد","","019c18d5-62e1-7000-8000-000000000041","019c18d5-62e1-7000-8000-000000000003","5","False"
"01a0bf9d-e0a4-7258-8877-8687f37274b4","2540504848","عبدالله محمد صديق احمد","","","019c18d5-62e1-7000-8000-000000000003","3","False"
"01a09667-03d3-76f2-be37-86aa55ec2ecd","2591712555","حسن عبد السلام عبد الرازق سالم","","019c18d5-62e1-7000-8000-000000000042","019c18d5-62e1-7000-8000-000000000003","3","False"
"01a0bf9d-e09f-7a45-b358-86af4cc1db5a","2560130433","اسامه شعبان جمعه عيد","","","019c18d5-62e1-7000-8000-000000000003","3","False"
"01a0bf9d-e098-72de-85a9-86c5f5ec9d5e","2566344491","عبدالحميد عادل عبدالحميد شريف","","","019c18d5-62e1-7000-8000-000000000003","3","False"
"01a0bf9d-e099-7002-8620-86ceeacc9bd5","2523879142","محمد عبدالعظيم ابراهيم صابر","","","019c18d5-62e1-7000-8000-000000000005","3","False"
"01a09667-03d8-7985-9a9f-86d962b45841","2590176034","مد امان امام مد","","","019c18d5-62e1-7000-8000-000000000003","6","False"
"01a0bf9d-e09c-7570-a2ea-86dd986dd430","2142015649","ابراهيم احمد يحي عسال","","","019c18d5-62e1-7000-8000-000000000003","3","False"
"01a0bf9d-e0a0-75b9-8e9d-86ed405e9a8c","2627069137","الشامي علي محمد فضل المولي","","","019c18d5-62e1-7000-8000-000000000003","3","False"
"01a09667-03cf-7495-8cbc-86feb6680b70","2623705973","طه احمد طه محمد","","019c18d5-62e1-7000-8000-000000000041","019c18d5-62e1-7000-8000-000000000003","3","False"
"01a0bf9d-e09a-77ac-82e2-87186875a628","2566392755","سعيد ناصر عبدالواحد","","","019c18d5-62e1-7000-8000-000000000003","3","False"
"01a0bf9d-e098-701f-97f5-875e81b9b85e","2540179047","زكريا محمد أحمد دبوان المخلافي","","","019c18d5-62e1-7000-8000-000000000003","3","False"
"01a09667-03d6-7eb4-a532-87669004a8f1","2623542491","محمد حمدي زكريا يوسف","","019c18d5-62e1-7000-8000-000000000042","019c18d5-62e1-7000-8000-000000000005","3","False"
"01a0bf9d-e0a5-78dd-94c6-87863d5d2921","2476594508","شومان علي","","","019c18d5-62e1-7000-8000-000000000003","3","False"
"01a0bf9d-e09e-7c81-bf27-8786557ff79a","2582536872","عبد الرحمن محمود حسين الكعبي","","","019c18d5-62e1-7000-8000-000000000003","3","False"
"01a09667-03db-7da6-9526-87af71cf7f10","2636062651","جنيد اسلام","","019c18d5-62e1-7000-8000-000000000040","019c18d5-62e1-7000-8000-000000000003","3","False"
"01a09667-03ca-7e5f-9145-87f1574c9fba","2572718712","احمد صبري عبد الكريم عطيه","","019c18d5-62e1-7000-8000-000000000041","019c18d5-62e1-7000-8000-000000000003","3","False"
"01a09667-03d7-7f73-ad35-88212cf463f9","2552763415","محمد اراف محمد رزاق","","","019c18d5-62e1-7000-8000-000000000003","6","False"
"01a0bf9d-e0a3-7884-825d-8837c8dfec45","2591115890","محمد جيبا حسين حسين","","","019c18d5-62e1-7000-8000-000000000003","3","False"
"01a0bf9d-e0a6-7edf-b61b-88af6c36a508","2398634598","محمد كاشف نعمت الله","","","019c18d5-62e1-7000-8000-000000000003","3","False"
"01a0bf9d-e0a0-7d97-832b-88eee5b1dd87","2481464341","احمد حسين عبد البارى عبد الحميد","","","019c18d5-62e1-7000-8000-000000000003","3","False"
"01a11667-4fa3-7009-bd77-8903a1530819","2537543494","فكل مريش مريش فكل","","","019c18d5-62e1-7000-8000-000000000005","3","False"
"01a09667-03cf-7bbb-a26e-893db665ddbc","2630243315","احمد صلاح الدين حسن حموده","","019c18d5-62e1-7000-8000-000000000041","019c18d5-62e1-7000-8000-000000000005","3","False"
"01a09667-03d3-75b4-88fc-895ec7f49a01","2591768409","MOHAMMED ALA UDDIN","","019c18d5-62e1-7000-8000-000000000042","019c18d5-62e1-7000-8000-000000000003","3","False"
"01a0bf9d-e0a5-7c7e-90c0-8a068e72c0c9","2461720324","محمد صالح مبارك بالعسم","","","019c18d5-62e1-7000-8000-000000000003","3","False"
"01a0bf9d-e09e-7b8e-9cfc-8a38c5730467","2605794672","علاء عبدالله احمد","","","019c18d5-62e1-7000-8000-000000000003","3","False"
"01a09667-03c9-77c5-92f5-8a73805bd210","2560200442","MOHAMMED SOBUJ MRIDHA","","019c18d5-62e1-7000-8000-000000000041","019c18d5-62e1-7000-8000-000000000003","5","False"
"01a0bf9d-e098-7a4a-86e9-8a8f96db2d7c","2509703225","راجو أوسين نذرال اسلام","","","019c18d5-62e1-7000-8000-000000000003","3","False"
"01a0bf9d-e0a5-7907-893c-8a9124608056","2474649866","مصعب عبدالرحيم الزين فضل الله","","","019c18d5-62e1-7000-8000-000000000003","3","False"
"01a0bf9d-e0a5-7955-82a1-8a92fc9240fb","2449533955","محمد نورحسين","","","019c18d5-62e1-7000-8000-000000000003","3","False"
"01a0bf9d-e0a3-73c8-8359-8ad0a6f18027","2631095862","محمد شاكيب الله الله","","","019c18d5-62e1-7000-8000-000000000003","3","False"
"01a09667-03d4-740e-86aa-8adb454302fe","2612557153","ماجد شحاته الحسينى كريم","","019c18d5-62e1-7000-8000-000000000042","019c18d5-62e1-7000-8000-000000000005","3","False"
"01a0bf9d-e09e-712f-82c5-8afeb743838c","2542701095","مالك عبدالله احمد محمد","","","019c18d5-62e1-7000-8000-000000000003","3","False"
"01a09667-03d8-7c62-880a-8b0920db1210","2590907875","رمضان ربيع امين عبدالوهاب","","","019c18d5-62e1-7000-8000-000000000003","6","False"
"01a09667-03db-73bc-bfef-8b17ecbe8007","2630564751","اسلام محمد محمد عبدالكريم","","019c18d5-62e1-7000-8000-000000000040","019c18d5-62e1-7000-8000-000000000003","3","False"
"01a0bf9d-e0a6-744b-848a-8b2c3dd9b658","2190465589","محمد منير - حبيب","","","019c18d5-62e1-7000-8000-000000000003","3","False"
"01a0bf9d-e0a3-7937-b7b8-8bad518b3a01","2585900828","فيصل محمد جلال","","","019c18d5-62e1-7000-8000-000000000003","3","False"
"01a0bf9d-e09d-71b2-ab00-8bc5c769a085","2591069717","مد مني احمد","","","019c18d5-62e1-7000-8000-000000000003","3","False"
"01a0bf9d-e09c-70e7-97c9-8c2810a476fa","2132000726","ابوالحسين عبدالمجيد","","","019c18d5-62e1-7000-8000-000000000003","3","False"
"01a0bf9d-e09b-76b3-87f3-8c9bfe6c187d","2501649012","سيف الدين مدثر وداعه احمد","","","019c18d5-62e1-7000-8000-000000000003","3","False"
"01a09667-03da-78a7-9327-8ceb88d87282","2576804195","عادل احمد سيد عبد العظيم","","019c18d5-62e1-7000-8000-000000000040","019c18d5-62e1-7000-8000-000000000003","3","False"
"01a0bf9d-e09c-7d3c-aea8-8cef84800c51","2561278579","عوض محمد مبارك عوض","","","019c18d5-62e1-7000-8000-000000000003","3","False"
"01a09667-03da-7059-8820-8d865906bb97","2632579013","حسان زبير محمد","","","019c18d5-62e1-7000-8000-000000000003","3","False"
"01a0bf9d-e097-7802-82f8-8e215635ee0d","2495663060","مد رفيد ال اسلام","","","019c18d5-62e1-7000-8000-000000000003","3","False"
"01a1113e-67a2-7afb-abcc-8e325c1bc51f","2632138232","محمد ابراهيم محمد العزب","","","019c18d5-62e1-7000-8000-000000000003","3","False"
"01a0bf9d-e0a5-7313-a154-8e3aadfd3cde","2474296718","محمد محسن","","","019c18d5-62e1-7000-8000-000000000003","3","False"
"01a0bf9d-e09a-7340-8010-8e5ab0af38ce","2269399461","وليد علي احمد محمد","","","019c18d5-62e1-7000-8000-000000000003","3","False"
"01a0bf9d-e097-7354-b58e-8eac9de15d9a","2603287109","محمد عاصف عبدالله عبدالله","","","019c18d5-62e1-7000-8000-000000000003","3","False"
"01a0bf9d-e09b-72f5-8445-8eae414a4d05","2589613542","احمد يونس احمد محمد","","","019c18d5-62e1-7000-8000-000000000003","3","False"
"01a0bf9d-e09c-7b0b-bf17-8f360b12b462","2471962692","حمود احمد حزام الشاحذي","","","019c18d5-62e1-7000-8000-000000000003","3","False"
"01a09667-03d2-7960-a74b-8f67fe35d569","2567538208","احمد محمد درغام بدوي","","019c18d5-62e1-7000-8000-000000000042","019c18d5-62e1-7000-8000-000000000003","3","False"
"01a09667-03da-7f0c-a446-8f778859ab5b","2630230577","روبيل ا اسلام ا","","","019c18d5-62e1-7000-8000-000000000003","6","False"
"01a0bf9d-e0a6-78da-8b71-8f85554f3b78","2404603934","عمر فيصل علي حاكم","","","019c18d5-62e1-7000-8000-000000000003","3","False"
"01a0bf9d-e0a5-7256-b6d3-8faf57a2cb22","2455942439","عبدالله محمد عبدالله مبارك رشيد","","","019c18d5-62e1-7000-8000-000000000003","3","False"
"01a09667-03db-71cb-a9da-8fb86d55efb7","2630343289","محمد عثمان محمد مصطفي","","019c18d5-62e1-7000-8000-000000000040","019c18d5-62e1-7000-8000-000000000003","3","False"
"01a09667-03d8-72b3-9162-8ffac531c527","2591472507","شكيل مصطفي شكيل مصطفي","","","019c18d5-62e1-7000-8000-000000000003","6","False"
"01a0bf9d-e098-7447-8a3c-902d048c47b2","2442973166","محمد كاشف محمد رافيق","","","019c18d5-62e1-7000-8000-000000000003","3","False"
"01a09667-03d0-7257-9d81-90306e63ed9f","2505831657","شوقى فريد شوقى سلامه","","019c18d5-62e1-7000-8000-000000000042","019c18d5-62e1-7000-8000-000000000003","3","False"
"01a0f1a4-95cc-7d7b-809a-9041061b7803","2518003385","باسط حسين عريف حسين","","","019c18d5-62e1-7000-8000-000000000003","3","False"
"01a0bf9d-e097-7bac-922b-9051647b52f4","2538998077","سعيد ابو ابو سعيد","","","019c18d5-62e1-7000-8000-000000000003","3","False"
"01a0bf9d-e0a6-7f3e-a91c-906b35eed244","2399760459","روبيل مياه جلال دين","","","019c18d5-62e1-7000-8000-000000000003","3","False"
"01a09667-03d2-7cf7-8d55-907d84e7bd80","2575597667","MD OMR FARUK ROBIN","","019c18d5-62e1-7000-8000-000000000042","019c18d5-62e1-7000-8000-000000000003","5","False"
"01a0bf9d-e0a7-7968-aad1-90c8a95aaad6","2059179057","بشير عيسى نصر محمد","","","019c18d5-62e1-7000-8000-000000000003","3","False"
"01a09667-03cf-7ae1-8e58-90e56a5f1602","2624380438","طارق سيد رزق مبروك","","019c18d5-62e1-7000-8000-000000000041","019c18d5-62e1-7000-8000-000000000003","3","False"
"01a09667-03d2-7925-a4d1-910a00a5520e","2570298998","MD ASAR UDDIN","","019c18d5-62e1-7000-8000-000000000042","019c18d5-62e1-7000-8000-000000000003","3","False"
"01a09667-03cf-7d5e-af04-913cc66e5c7d","2636161834","هشام احمد السيد فتح الباب","","019c18d5-62e1-7000-8000-000000000041","019c18d5-62e1-7000-8000-000000000003","3","False"
"01a09667-03cf-7c4c-9a23-914a28c44640","2615897994","SAKIL HOSSAIN","","019c18d5-62e1-7000-8000-000000000041","019c18d5-62e1-7000-8000-000000000003","3","False"
"01a0bf9d-e099-7f94-8627-916f995a80b2","2524773674","محمد سمان محمد","","","019c18d5-62e1-7000-8000-000000000005","3","False"
"01a09667-03db-7e36-abd1-91751d18f7d0","2629565173","عبدالله مسعد عبدالله رزق","","019c18d5-62e1-7000-8000-000000000040","019c18d5-62e1-7000-8000-000000000005","3","False"
"01a0bf9d-e0a2-74ca-ad92-91786ba5524d","2425180151","ريجون عبدالله محمد عبدالله","","","019c18d5-62e1-7000-8000-000000000005","3","False"
"01a0bf9d-e0a3-7014-b5b0-91835bb1dcb8","2611899036","تنوير اوسين تنوير اوسين","","","019c18d5-62e1-7000-8000-000000000003","3","False"
"01a11157-9f91-7265-a5e5-919e492022a7","2377553132","محمد أثر الدين","","","019c18d5-62e1-7000-8000-000000000003","3","False"
"01a0bf9d-e0a5-7683-984b-91c348841ae9","2512927407","نادر حسين نذر حسين","","","019c18d5-62e1-7000-8000-000000000003","3","False"
"01a0bf9d-e0a3-774b-9f54-91d5926bf0cc","2582179384","ناجيس اقبال نعيم جاهان","","","019c18d5-62e1-7000-8000-000000000003","3","False"
"01a0bf9d-e09a-7490-83e1-920611f38cbb","2570994703","محمود اسماعيل على الطباخ","","","019c18d5-62e1-7000-8000-000000000003","3","False"
"01a09667-03c9-7413-925e-92143b435e9a","2561524204","MD ROBEL MIAH","","019c18d5-62e1-7000-8000-000000000041","019c18d5-62e1-7000-8000-000000000003","3","False"
"01a0bf9d-e099-7b01-9c12-921bac7c2dfe","2556389969","محمد عمران شاه ساجد حسين","","","019c18d5-62e1-7000-8000-000000000003","3","False"
"01a0bf9d-e09a-7bad-bbc2-9238db823871","2477436774","سالم محمد سالم عبدالوهاب","","","019c18d5-62e1-7000-8000-000000000003","3","False"
"01a0bf9d-e0a2-7436-9034-9281356e7a3f","2529251130","احمد سيد احمد محمد على حسان","","","019c18d5-62e1-7000-8000-000000000003","3","False"
"01a0f19e-170d-7260-999d-92a9d3d3aa1d","2584356345","عمردراز نواب راز راز نواب","","","019c18d5-62e1-7000-8000-000000000005","3","False"
"01a0bf9d-e0a0-7fa0-a5ea-92b664e7610c","2551741263","نعمة الله تنواري علي عباس","","","019c18d5-62e1-7000-8000-000000000003","3","False"
"01a0bf9d-e09c-7746-b76d-92dce9bdb8a5","2597981857","حافظ غيلان احمد حسين العنسي","","","019c18d5-62e1-7000-8000-000000000003","3","False"
"01a09667-03c8-7187-b333-92eb24e1dea9","2540639057","محمد ربيع محمود حميده","","019c18d5-62e1-7000-8000-000000000041","019c18d5-62e1-7000-8000-000000000003","3","False"
"01a09667-03d3-7486-9c21-92fb79951767","2591508706","زياد حماده محمد احمد","","019c18d5-62e1-7000-8000-000000000042","019c18d5-62e1-7000-8000-000000000003","3","False"
"01a09667-03d3-7046-b6e0-932d28585b49","2597241476","MD SOWROV MIA","","019c18d5-62e1-7000-8000-000000000042","019c18d5-62e1-7000-8000-000000000003","3","False"
"01a0bf9d-e09f-72be-a6c8-93418526e91a","2298481132","عبدالله حسن عبدالله حجي","","","019c18d5-62e1-7000-8000-000000000003","3","False"
"01a09667-03db-731b-8000-9356b672ca92","2636062180","اسماعيل حسين شاون","","019c18d5-62e1-7000-8000-000000000040","019c18d5-62e1-7000-8000-000000000003","3","False"
"01a0e7f3-2f25-7cc2-ab24-9382594629ce","2563598198","محمد مصطفي امين محمود","","","019c18d5-62e1-7000-8000-000000000003","3","False"
"01a0bf9d-e0a3-7e6a-bc3b-93aa1b94023d","2607895147","هيميل مد حسين دولال","","","019c18d5-62e1-7000-8000-000000000003","3","False"
"01a0bf9d-e0a5-70b7-b814-943df62450d7","2484710500","ابراهيم خليل","","","019c18d5-62e1-7000-8000-000000000003","3","False"
"01a0bf9d-e0a5-7f39-8d9a-943e0413b364","2501676890","ماجد يحيى عبدالله المرير","","","019c18d5-62e1-7000-8000-000000000003","3","False"
"01a113a9-26ee-7f6d-be5c-946ef3fb56a7","2507433031","احمد محمد مصطفى ابوعوف","","","019c18d5-62e1-7000-8000-000000000003","3","False"
"01a09667-03d1-767b-9e92-94a0ec506668","2539776670","MD NAZIMUDDIN SUMON","","019c18d5-62e1-7000-8000-000000000042","019c18d5-62e1-7000-8000-000000000003","3","False"
"01a09667-03d3-7d2c-96bc-94d16b64b1f8","2594426104","عماد احمد علي احمد الحجلي","","019c18d5-62e1-7000-8000-000000000042","019c18d5-62e1-7000-8000-000000000005","3","False"
"01a09667-03cf-775d-8864-94f17421a876","2639372743","MUDASSAR ALI PERVAIZ","","019c18d5-62e1-7000-8000-000000000041","019c18d5-62e1-7000-8000-000000000003","3","False"
"01a0bf9d-e0a3-7a8d-927c-9532310343f6","2596461208","امير سيف سعد مونس","","","019c18d5-62e1-7000-8000-000000000003","3","False"
"01a09667-03cc-7c22-961a-9546d52037a9","2589753140","MOHAMMED ZAKARIA HOSEN","","019c18d5-62e1-7000-8000-000000000041","019c18d5-62e1-7000-8000-000000000003","3","False"
"01a0bf9d-e098-7ad3-84ba-958c7f4a14d6","2594246502","اشراق خان خان يعقوب","","","019c18d5-62e1-7000-8000-000000000003","3","False"
"01a0bf9d-e09f-7e0f-8eab-95911c37f881","2486916832","ناجى مدثر خالد احمد","","","019c18d5-62e1-7000-8000-000000000003","3","False"
"01a0bf9d-e09f-7f02-848a-95a2e38ac913","2346771237","كنزو احمد امين","","","019c18d5-62e1-7000-8000-000000000003","3","False"
"01a0bf9d-e09b-7563-891e-95afcd9b31fe","2544450345","احمد عبدالله احمد كمال","","","019c18d5-62e1-7000-8000-000000000003","3","False"
"01a09667-03c9-718b-9b0b-95be198974a6","2555284278","اسلام مصطفي محمد احمد","","019c18d5-62e1-7000-8000-000000000041","019c18d5-62e1-7000-8000-000000000003","3","False"
"01a0bf9d-e098-7e89-9f47-95beeeafa219","2575257106","ميدي حسن","","","019c18d5-62e1-7000-8000-000000000003","3","False"
"01a0bf9d-e0a6-7475-aa26-95cea187159e","2164770220","وحيد دين محمد بهار فقير","","","019c18d5-62e1-7000-8000-000000000003","3","False"
"01a0bf9d-e0a1-7f06-980c-95e2b0f10a32","2397342524","محمد عرفان محمد شافي","","","019c18d5-62e1-7000-8000-000000000003","3","False"
"01a0bf9d-e0a4-7ac3-9956-9661de99fc54","2520112968","أسلم خان مجي خان","","","019c18d5-62e1-7000-8000-000000000003","3","False"
"01a0bf9d-e0a2-79bb-8e9a-967983fadfee","2529584548","محمد شبير اويس خان","","","019c18d5-62e1-7000-8000-000000000005","3","False"
"01a0bf9d-e09e-71b5-a71e-96a9b51c6daf","2626751446","عمر شعبان عبد البديع زيدان","","","019c18d5-62e1-7000-8000-000000000003","3","False"
"01a0bf9d-e09c-76d5-af97-96b3cb5a747d","2587178746","اسامة فوزي عبدالوهاب مختار","","","019c18d5-62e1-7000-8000-000000000003","3","False"
"01a09667-03c6-7ac9-bcef-96c434970f69","2257818035","MOHAMMED ALA UDDIN JAYNAL","","019c18d5-62e1-7000-8000-000000000041","019c18d5-62e1-7000-8000-000000000003","3","False"
"01a0bf9d-e0a1-7ce9-ae83-96d14e63e71b","2604352985","هادي عبد الرحيم احمد علي","","","019c18d5-62e1-7000-8000-000000000003","3","False"
"01a0bf9d-e0a1-7682-b546-96ef30ac8256","2476135344","احمد عبده عتاري علي زين","","","019c18d5-62e1-7000-8000-000000000003","3","False"
"01a09667-03d3-7e9d-adea-9743c0e777df","2584453951","MD TANVIR","","019c18d5-62e1-7000-8000-000000000042","019c18d5-62e1-7000-8000-000000000003","3","False"
"01a0bf9d-e0a2-7213-aa63-975b4649ae6b","2534688276","عبد العزيز ابراهيم عبد العزيز رمضان","","","019c18d5-62e1-7000-8000-000000000003","3","False"
"01a09667-03d2-7885-9a33-977bd0d76f8d","2575597774","MD SUMUN HOSSAIN","","019c18d5-62e1-7000-8000-000000000042","019c18d5-62e1-7000-8000-000000000003","3","False"
"01a0bf9d-e098-7dad-9b25-977c894e7cf8","2623602261","مد ال امين بيشواش","","","019c18d5-62e1-7000-8000-000000000003","3","False"
"01a09667-03d3-7198-a749-97e9d47259c7","2586293173","مدحت علي البدري خلف","","019c18d5-62e1-7000-8000-000000000042","019c18d5-62e1-7000-8000-000000000003","3","False"
"01a0f1af-1406-743b-bb72-97f9cd809711","2042147583","عبدالرحمن محمد سالم بازو مح","","","019c18d5-62e1-7000-8000-000000000003","3","False"
"01a0bf9d-e09c-7b06-9042-98fe665847fa","2529280030","احمد محمد عبدالعال محمد","","","019c18d5-62e1-7000-8000-000000000003","3","False"
"01a09667-03ca-7428-bc3b-99162d2b3e85","2574083222","ALI HUSNAIN SHAHID MEHMOOD","","019c18d5-62e1-7000-8000-000000000041","019c18d5-62e1-7000-8000-000000000003","3","False"
"01a09667-03d9-7c03-ab5b-993075c03e70","2601062330","محمود عادل عاشور البسومي","","","019c18d5-62e1-7000-8000-000000000003","6","False"
"43332829-1990-4efd-ae33-99483143a63f","2453915957","نعمان علي خان","","","","1","False"
"01a0bf9d-e09a-7ac0-a9ff-99f8d11d515a","2610671808","اشرف ابراهيم محمد عويس","","","019c18d5-62e1-7000-8000-000000000003","3","False"
"01a0bf9d-e0a0-7c76-8c5d-9a0d999e827a","2462326592","محمد عبدالدايم محمد مختار","","","019c18d5-62e1-7000-8000-000000000003","3","False"
"01a0bf9d-e09f-7c39-9cfe-9a141926f6e3","2624800500","محمود عامر سيد ثابت","","","019c18d5-62e1-7000-8000-000000000003","3","False"
"01a0bf9d-e0a4-79a0-8514-9aae12dcfcd2","2524794647","اسماعيل أوسين","","","019c18d5-62e1-7000-8000-000000000003","3","False"
"01a0bf9d-e09d-7939-a2da-9ad7265e5e5f","2368771297","محمد حسبو شرقاوي بابكر","","","019c18d5-62e1-7000-8000-000000000003","3","False"
"01a09667-03d0-7829-a788-9aeaa153e067","2438251296","MOHAMMAD SHAHARIA ZAMAN NIROB","","019c18d5-62e1-7000-8000-000000000042","019c18d5-62e1-7000-8000-000000000003","3","False"
"01a106e1-b349-7635-8426-9af4d4e2edc4","2453846913","كوسر أحمد مننول حقه","","","019c18d5-62e1-7000-8000-000000000003","3","False"
"01a0bf9d-e09c-727d-ac95-9b13f6374953","2575468554","ابراهيم علي الانصاري هانم","","","019c18d5-62e1-7000-8000-000000000003","3","False"
"01a0bf9d-e099-7d5b-adee-9b184cf9023a","2573661085","احمد فتحى عبدالله احمد","","","019c18d5-62e1-7000-8000-000000000003","3","False"
"01a09667-03cc-73e4-bb4b-9b297913f76b","2591788183","محمد عادل محمد محمود","","019c18d5-62e1-7000-8000-000000000041","019c18d5-62e1-7000-8000-000000000005","3","False"
"01a0bf9d-e0a4-7627-9a50-9b5e14c83130","2527413104","شبوز مياه","","","019c18d5-62e1-7000-8000-000000000003","3","False"
"01a0bf9d-e0a4-7e22-bd83-9bd6dea0987b","2529645315","تامر السيد احمد درويش","","","019c18d5-62e1-7000-8000-000000000003","3","False"
"01a0bf9d-e0a0-717b-8d4f-9c08973aa929","2592717637","الزمان ممتاز ممتاز علي","","","019c18d5-62e1-7000-8000-000000000003","3","False"
"01a09667-03d2-7c52-9c57-9c2791ac6c88","2574089302","MD SUMON","","019c18d5-62e1-7000-8000-000000000042","019c18d5-62e1-7000-8000-000000000003","3","False"
"01a09667-03cb-7ec7-bf90-9c51067ebace","2582720773","TAYEF AHMED","","019c18d5-62e1-7000-8000-000000000041","019c18d5-62e1-7000-8000-000000000003","3","False"
"01a09667-03db-77f8-a132-9c655a0224a4","2629273505","مد نظم ال حسن","","019c18d5-62e1-7000-8000-000000000040","019c18d5-62e1-7000-8000-000000000003","3","False"
"01a09667-03d2-7db8-b0c8-9cd13ee10de2","2581767528","JAHANGIR ALOM","","019c18d5-62e1-7000-8000-000000000042","019c18d5-62e1-7000-8000-000000000003","3","False"
"01a0bf9d-e0a5-7201-9970-9cd5d6b3fb11","2481072508","البشير حيدر محمد البشير","","","019c18d5-62e1-7000-8000-000000000003","3","False"
"01a09667-03d9-7ec0-9e8d-9cde34ad0f85","2588796272","محمد محمود سيد محمد","","","019c18d5-62e1-7000-8000-000000000003","6","False"
"01a0bf9d-e09d-70c4-8a4a-9ce6a9d4d4bd","2591854431","محمد وائل عبد الحميد العفيفي","","","019c18d5-62e1-7000-8000-000000000003","3","False"
"01a0bf9d-e09b-7625-8954-9d1bac84d805","2267488233","محمد رمضان عويس علي","","","019c18d5-62e1-7000-8000-000000000003","3","False"
"01a0bf9d-e09e-7af0-9027-9d7fe0645eae","2641783671","محمد عبدالقادر اسماعيل عبد القادر","","","019c18d5-62e1-7000-8000-000000000003","3","False"
"01a0bf9d-e0a0-7b59-aff9-9d8be26dedf9","2564925242","عماد الدين بسطاوى ابايزيد بسطاوي","","","019c18d5-62e1-7000-8000-000000000003","3","False"
"01a0bf9d-e09e-72c2-8ecc-9d9aa4e142bc","2492506866","امجد علي قاسم غول","","","019c18d5-62e1-7000-8000-000000000003","3","False"
"01a09667-03c8-77ff-a701-9dcb7d9b858c","2522312970","FAYSAL MUNSHI","","019c18d5-62e1-7000-8000-000000000041","019c18d5-62e1-7000-8000-000000000003","3","False"
"01a0bf9d-e098-7bf9-9b1b-9e3c9eaaf62b","2624280307","اشرف عبدالغفار حسين محمد","","","019c18d5-62e1-7000-8000-000000000003","3","False"
"01a0bf9d-e0a6-7147-9f08-9e53a2234615","2311703892","انشاد بارامبيل بيديكا","","","019c18d5-62e1-7000-8000-000000000003","3","False"
"01a09667-03d8-790d-b53e-9e5bed943194","2613242037","سعد ناصر سعد محمد","","","019c18d5-62e1-7000-8000-000000000005","6","False"
"01a09667-03c8-76be-8b1f-9e7e9ec5edc7","2548227202","MD RIPON ALI","","019c18d5-62e1-7000-8000-000000000041","019c18d5-62e1-7000-8000-000000000005","3","False"
"01a09667-03cb-7778-9651-9e857d872281","2580422653","محمود محمد عبدالعال الخراشي","","019c18d5-62e1-7000-8000-000000000041","019c18d5-62e1-7000-8000-000000000003","3","False"
"01a09667-03da-726c-ae34-9ebdbc6385e6","2618729475","سامح رضوان سعيد","","019c18d5-62e1-7000-8000-000000000040","019c18d5-62e1-7000-8000-000000000003","3","False"
"01a0bf9d-e0a5-7575-b5d7-9ed1f603da32","2454697117","يحي عبده حسن القرون","","","019c18d5-62e1-7000-8000-000000000003","3","False"
"01a0bf9d-e0a0-750b-abcd-9edb3f05592d","2265475885","عبد الصمد محمد - يمام","","","019c18d5-62e1-7000-8000-000000000003","3","False"
"01a0bf9d-e09f-771f-a295-9f073f4ef2fc","2487658870","أصغر نديم","","","019c18d5-62e1-7000-8000-000000000003","3","False"
"01a0bf9d-e09b-7aa6-bd7d-9f1312730a22","2477977785","عمر عوض الجيد علي ابراهيم","","","019c18d5-62e1-7000-8000-000000000003","3","False"
"01a0bf9d-e09a-79e6-98e5-9f3c2f417ff1","2569724855","عماد كمال السيد محمد","","","019c18d5-62e1-7000-8000-000000000003","3","False"
"01a0bf9d-e09f-70e9-86e3-9f8a187a3c9a","2593859925","مصطفى احمد مصطفى خضرى","","","019c18d5-62e1-7000-8000-000000000003","3","False"
"01a09667-03ce-7f76-801d-9faa7c3def38","2609703588","MD EMON MIA","","019c18d5-62e1-7000-8000-000000000041","019c18d5-62e1-7000-8000-000000000003","3","False"
"01a101bc-0700-7514-a951-9fe79e57f480","2604120929","ذيشان احمد شيردين","","","019c18d5-62e1-7000-8000-000000000005","3","False"
"01a0bf9d-e099-7dff-95f3-a02bf3f9a2d7","2521737201","ايرا أحمد محمد اقبال","","","019c18d5-62e1-7000-8000-000000000005","3","False"
"01a09667-03cc-7183-909e-a02ee42844d8","2588354015","احمد حسنى احمد احمد","","019c18d5-62e1-7000-8000-000000000041","019c18d5-62e1-7000-8000-000000000003","3","False"
"01a0bf9d-e0a4-70ab-bcce-a05513f7c3b7","2525563058","عبد الرحمن الصادق عبد الله ادم","","","019c18d5-62e1-7000-8000-000000000003","3","False"
"01a09667-03ce-7a98-971e-a055a360ab44","2607221484","يوسف احمد سيد احمد","","019c18d5-62e1-7000-8000-000000000041","019c18d5-62e1-7000-8000-000000000003","3","False"
"01a09667-03d2-7038-9b56-a06725d0bda7","2568285346","MD ASIQUR RAHMAN","","019c18d5-62e1-7000-8000-000000000042","019c18d5-62e1-7000-8000-000000000003","3","False"
"01a0bf9d-e09c-75a9-9bed-a07d01ff1378","2500439183","ابراهيم محمد يحيى القطافي","","","019c18d5-62e1-7000-8000-000000000003","3","False"
"01a0bf9d-e0a1-7d45-bbf0-a0c1064536ca","2609138686","جمال محمد الأوربية","","","019c18d5-62e1-7000-8000-000000000003","3","False"
"01a0bf9d-e0a2-7bba-96c4-a1754de9c5a1","2544374016","محبوب سوروف","","","019c18d5-62e1-7000-8000-000000000005","3","False"
"01a0bf9d-e098-73ae-a7a3-a2b99d296f08","2625695909","ايمن محمد احمد حسين الجرافي","","","019c18d5-62e1-7000-8000-000000000003","3","False"
"01a0bf9d-e0a3-7829-8af9-a2ee9d32d654","2586306736","حبيب ماكون ورقو","","","019c18d5-62e1-7000-8000-000000000003","3","False"
"01a0bf9d-e09d-7a92-b7e1-a31470a06fba","2577736339","محمود محسن عبده شحاته","","","019c18d5-62e1-7000-8000-000000000003","3","False"
"01a09667-03d6-7075-ac75-a32c8d0ce72b","2507652275","محمد راضي نمر راضي","","","019c18d5-62e1-7000-8000-000000000003","6","False"
"01a0bf9d-e099-7704-82b7-a3460771dcf4","2610643690","حافظ فايز احمد احمد السدار","","","019c18d5-62e1-7000-8000-000000000005","3","False"
"01a0bf9d-e09b-7d10-9a90-a35d0fc7575a","2492020454","امير المنشاوي المنشاوي الخضرجي","","","019c18d5-62e1-7000-8000-000000000003","3","False"
"01a0bf9d-e0a2-7764-b8a2-a37824f44d3c","2620969606","يم دي عبدالله خان","","","019c18d5-62e1-7000-8000-000000000005","3","False"
"01a0bf9d-e0a2-739b-a5d8-a392637ae7c1","2501628420","عبدالرحمن حسين ناصر الكاملي","","","019c18d5-62e1-7000-8000-000000000003","3","False"
"01a0bf9d-e098-7133-8214-a3a6b1d16a59","2525558652","لوتاش ميا","","","019c18d5-62e1-7000-8000-000000000003","3","False"
"01a09667-03d4-7864-a3fd-a3bbc7e5ee42","2608760977","WASIM ABBAS BUTT GHULAM NABI","","019c18d5-62e1-7000-8000-000000000042","019c18d5-62e1-7000-8000-000000000003","3","False"
"01a09667-03c7-7787-a72b-a3eff8efee3d","2490149057","نائف سعيد صالح باكركر","","019c18d5-62e1-7000-8000-000000000041","019c18d5-62e1-7000-8000-000000000003","5","False"
"01a0f267-6d79-7c64-b833-a43beea58f56","2114609338","بركات بركات - ابراهيم","","","019c18d5-62e1-7000-8000-000000000003","3","False"
"01a0bf9d-e09a-78f2-97d9-a44f01f05313","2577721638","احمد خالد انور القسطاوي","","","019c18d5-62e1-7000-8000-000000000003","3","False"
"01a09667-03d0-7b8a-8e33-a452d9edc348","2488500378","MD SAJIB MIA","","019c18d5-62e1-7000-8000-000000000042","019c18d5-62e1-7000-8000-000000000003","3","False"
"01a11589-efbc-7a87-afab-a46dc6a8dcb8","2534131962","فاروق شاه احمد شاه","","","019c18d5-62e1-7000-8000-000000000005","3","False"
"01a0bf9d-e0a0-754e-b918-a47599c45626","2638357885","احمد جمال عبدالفتاح خطاب","","","019c18d5-62e1-7000-8000-000000000003","3","False"
"01a0bf9d-e0a3-7fb4-b8b5-a4ab6aca7854","2582932139","محمد زيشان محمد","","","019c18d5-62e1-7000-8000-000000000003","3","False"
"01a0bf9d-e09e-7b76-bd77-a4c2df52b47e","2385680893","حافظ محمد عثمان احمد","","","019c18d5-62e1-7000-8000-000000000003","3","False"
"01a09667-03ca-7acb-bf11-a4d6e1c02292","2577660661","اسلام احمد فتحى محمود","","019c18d5-62e1-7000-8000-000000000041","019c18d5-62e1-7000-8000-000000000005","3","False"
"01a0bf9d-e099-7aac-b058-a4dbf8ee2171","2483374126","مد شيجوميا","","","019c18d5-62e1-7000-8000-000000000003","3","False"
"01a0bf9d-e0a6-7392-9c9c-a52d02d76e46","2193168305","ناصر سلمان هالد","","","019c18d5-62e1-7000-8000-000000000003","3","False"
"01a09667-03da-7a7b-a8b0-a54cbf0c6a62","2576050401","مد مامون خان","","019c18d5-62e1-7000-8000-000000000040","019c18d5-62e1-7000-8000-000000000005","3","False"
"01a0bf9d-e09b-71d4-9d87-a575b65512c8","2525726549","محمود عبد الجيد مقبل","","","019c18d5-62e1-7000-8000-000000000003","3","False"
"01a0bf9d-e098-7eeb-8fff-a59bf761031d","2208552121","عرفان احمد","","","019c18d5-62e1-7000-8000-000000000003","3","False"
"01a09667-03cc-76b2-b426-a5a6bc9c332b","2589753306","SUHEL AHMED","","019c18d5-62e1-7000-8000-000000000041","019c18d5-62e1-7000-8000-000000000003","3","False"
"01a0bf9d-e098-74c9-8eed-a5b43c833740","2350488058","محمد فتحي زكي احمد","","","019c18d5-62e1-7000-8000-000000000003","3","False"
"01a0bf9d-e0a1-7d2a-8ec1-a5eade67f44b","2587840923","مهدي شكور","","","019c18d5-62e1-7000-8000-000000000003","3","False"
"01a09667-03d0-7036-b556-a5f7a2b4d0a0","2463596938","MAMMED ALI SAYYED","","019c18d5-62e1-7000-8000-000000000042","019c18d5-62e1-7000-8000-000000000003","3","False"
"01a0bf9d-e09a-78d2-b92e-a6160689a5b0","2591079559","محمد شريف محمد جاد","","","019c18d5-62e1-7000-8000-000000000003","3","False"
"01a0bf9d-e0a0-741a-84a0-a62466082394","2463966008","بلال اقبال محمد اقبال","","","019c18d5-62e1-7000-8000-000000000003","3","False"
"01a09667-03c8-7aaf-97da-a6252898b527","2534974882","MD SAKIL HOSSEN","","019c18d5-62e1-7000-8000-000000000041","019c18d5-62e1-7000-8000-000000000003","3","False"
"01a0bf9d-e0a0-7819-9cd0-a640b757900b","2360664391","مجاهد احمد محمد عبدالرحمن","","","019c18d5-62e1-7000-8000-000000000003","3","False"
"01a0bf9d-e0a2-79fb-aa86-a641aeb092d2","2428467886","محمد شابا لدين","","","019c18d5-62e1-7000-8000-000000000005","3","False"
"01a10b60-8534-7747-8dbd-a684209762bb","2517742678","سيبان سيم ماجي","","","019c18d5-62e1-7000-8000-000000000003","3","False"
"01a0bf9d-e098-7800-aa83-a68e4cb8f2b6","2564576037","عبدالغني ناصر احمد","","","019c18d5-62e1-7000-8000-000000000005","3","False"
"01a0f1ac-cc8d-7e32-a2e8-a6a90a7d05e8","2540910565","باز حسن باز على","","","019c18d5-62e1-7000-8000-000000000003","3","False"
"01a0bf9d-e0a1-7558-8722-a6c68e5a6a2c","2584162461","يونس يوسف جايو يوسف","","","019c18d5-62e1-7000-8000-000000000003","3","False"
"01a0f193-e2ae-76f9-a922-a6fc6f65263c","2590533291","بهجت على محمد التهامى","","","019c18d5-62e1-7000-8000-000000000005","3","False"
"01a0bf9d-e09e-76cf-a768-a7147b006943","2453806412","خليل ابراهيم محسن محجب","","","019c18d5-62e1-7000-8000-000000000003","3","False"
"01a0bf9d-e0a5-7bf4-be8b-a71591ccdc76","2439340569","اقبال أوسين","","","019c18d5-62e1-7000-8000-000000000003","3","False"
"01a09667-03cb-73aa-86b5-a71ee7e14210","2584127332","HASANUL KARIM","","019c18d5-62e1-7000-8000-000000000041","019c18d5-62e1-7000-8000-000000000003","3","False"
"01a0bf9d-e0a2-7a32-813b-a767eecde0ba","2494711217","يحيى عبد الحكيم سالم باعزون","","","019c18d5-62e1-7000-8000-000000000003","3","False"
"01a0bf9d-e09f-70f6-ace3-a77266d4fb22","2517110033","مد نصير الدين","","","019c18d5-62e1-7000-8000-000000000003","3","False"
"01a09667-03d7-7064-81f4-a7866cbd6236","2561737145","محمد شعبان قرني السيد","","","019c18d5-62e1-7000-8000-000000000003","6","False"
"01a09667-03c8-7de4-bbc8-a7b3925228a8","2529390235","محمد السيد السيد عكر","","019c18d5-62e1-7000-8000-000000000041","019c18d5-62e1-7000-8000-000000000003","3","False"
"01a09667-03d0-7002-ab58-a7be0a8cea83","2417830615","كامل احمد كامل خلف الله","","019c18d5-62e1-7000-8000-000000000042","019c18d5-62e1-7000-8000-000000000003","3","False"
"01a09667-03cc-7cb0-a152-a7cf2401c7b2","2591951526","عماد حمدي بكري محمد","","019c18d5-62e1-7000-8000-000000000041","019c18d5-62e1-7000-8000-000000000003","3","False"
"01a0bf9d-e0a7-7408-905d-a8047a28f914","2094360605","محمد سفيان كاكان","","","019c18d5-62e1-7000-8000-000000000003","3","False"
"01a0bf9d-e098-790a-86f6-a81caa2d6f3e","2604330189","غصان فهد علي محمد التركى","","","019c18d5-62e1-7000-8000-000000000003","3","False"
"01a0bf9d-e09d-7692-9414-a8538b2de85d","2555498506","عارف ال اسلام","","","019c18d5-62e1-7000-8000-000000000003","3","False"
"01a0bf9d-e09a-719c-87b8-a88f4158edd5","2214293744","محمد زبير","","","019c18d5-62e1-7000-8000-000000000003","3","False"
"01a0bf9d-e097-7af0-a9c6-a8ab4f7fbaee","2491488926","زيشان بوت","","","019c18d5-62e1-7000-8000-000000000003","3","False"
"01a09667-03cd-7c86-9ea4-a973060fb037","2599691751","عمرو السيد عبدالسلام محمد","","019c18d5-62e1-7000-8000-000000000041","019c18d5-62e1-7000-8000-000000000003","3","False"
"01a0bf9d-e0a3-7e83-866a-a9792d17cbec","2636176352","مصطفى سعيد احمد","","","019c18d5-62e1-7000-8000-000000000003","3","False"
"01a09667-03d9-7a2b-a77b-a97cf32dce36","2353032143","جافيد احمد استكار","","019c18d5-62e1-7000-8000-000000000041","019c18d5-62e1-7000-8000-000000000003","7","False"
"01a09667-03d0-7ac6-8e79-a998441044f7","2506922117","MOHAMMED TAWSIR RAHMAN","","019c18d5-62e1-7000-8000-000000000042","019c18d5-62e1-7000-8000-000000000003","3","False"
"01a0bf9d-e0a3-7efd-bcaf-a9ae5a7b7b38","2571511639","محمد تاج السرعطا المنان طه","","","019c18d5-62e1-7000-8000-000000000003","3","False"
"01a0bf9d-e09b-78d8-9aa4-a9b76186f587","2520287745","محمد ربيع فتح الله عبدالله","","","019c18d5-62e1-7000-8000-000000000003","3","False"
"01a0bf9d-e09b-7faf-b022-a9dde3fc5012","2523098362","احمد شعبان محمد عبدالرحمن","","","019c18d5-62e1-7000-8000-000000000003","3","False"
"01a0bf9d-e09d-7b81-8f0c-a9f11170620a","2607517261","السيد محمد السيد فرحات","","","019c18d5-62e1-7000-8000-000000000003","3","False"
"01a0bf9d-e09d-74bd-a9a7-aa07fadef3fa","2435990003","محمد علي طه نجم","","","019c18d5-62e1-7000-8000-000000000003","3","False"
"01a10b75-0e70-7bc2-8a1a-aa51af850ee2","2540080377","عبد الفتاح مسعد صالح حيمد","","","019c18d5-62e1-7000-8000-000000000003","3","False"
"01a0bf9d-e099-75d5-a4bd-aa958bc053d2","2501735274","جمال خالد فراس الغولي","","","019c18d5-62e1-7000-8000-000000000005","3","False"
"01a09667-03cf-746f-99de-aa9e8c64757d","2618245001","JAHIRUL ISLAM","","019c18d5-62e1-7000-8000-000000000041","019c18d5-62e1-7000-8000-000000000003","3","False"
"01a0bf9d-e0a1-7b4a-99cd-aadbc252d340","2612712600","عمار فراص علي قاسم جميل","","","019c18d5-62e1-7000-8000-000000000003","3","False"
"01a09667-03d7-7fe6-880c-aaf0447f7437","2524629504","MOHAMMAD LIMON","","","019c18d5-62e1-7000-8000-000000000003","6","False"
"01a0bf9d-e0a5-7aa1-af61-aaf1e0ef0222","2480600655","محمد عباس","","","019c18d5-62e1-7000-8000-000000000003","3","False"
"01a0bf9d-e09d-71d9-ad01-ab430c3ecc9f","2391198336","محمد علي التوم علي","","","019c18d5-62e1-7000-8000-000000000003","3","False"
"01a09667-03db-7060-bfa1-ab47bfab22e9","2640150187","زياد جميل فتحي شندي","","019c18d5-62e1-7000-8000-000000000040","019c18d5-62e1-7000-8000-000000000005","3","False"
"01a0bf9d-e0a6-705d-acba-ab5d762456f0","2196499160","مطهر احمد مطهر مونس","","","019c18d5-62e1-7000-8000-000000000003","3","False"
"01a09667-03cb-735c-a42f-ab65fe2b2d98","2580166359","عمار محمد فتحي ابوالعز","","019c18d5-62e1-7000-8000-000000000041","019c18d5-62e1-7000-8000-000000000003","3","False"
"01a0f1e5-9358-7399-a74b-aba2b1433074","2485795716","حسن عباس احمد حسانين","","","019c18d5-62e1-7000-8000-000000000003","3","False"
"01a09667-03d2-72bd-b95b-aba718d6a162","2584246710","MIRZA NAVEED ALI BAIG","","019c18d5-62e1-7000-8000-000000000042","019c18d5-62e1-7000-8000-000000000003","3","False"
"01a0bf9d-e09c-7bf6-8295-abc34b5d0282","2419695800","محمد رمضان عثمان محمد","","","019c18d5-62e1-7000-8000-000000000003","3","False"
"01a0bf9d-e09a-7346-9ba9-ac0f8c03c64c","2605792684","ايهاب عبد الوهاب عبده مهوب","","","019c18d5-62e1-7000-8000-000000000003","3","False"
"01a0bf9d-e09c-73dd-a3c7-ac55215e328d","2150000814","محمد علي احمد باوزير","","","019c18d5-62e1-7000-8000-000000000003","3","False"
"01a0bf9d-e0a5-7cd9-939b-ac6bf164c764","2455890117","سامي محمد عبل اسماعيل","","","019c18d5-62e1-7000-8000-000000000003","3","False"
"01a0f1ea-efff-7fb7-8c2b-ac7af6e2b854","2613842323","احمد ابراهيم عبدالغني بسطويسي","","","019c18d5-62e1-7000-8000-000000000003","3","False"
"01a0bf9d-e09b-75e3-a3ac-ac81523bbb35","2592388538","بخيت فرج عبدالمنعم فراج","","","019c18d5-62e1-7000-8000-000000000003","3","False"
"01a0bf9d-e0a1-761c-9afc-ac84e3c89838","2302305301","حافظ بشير آدم آدم","","","019c18d5-62e1-7000-8000-000000000003","3","False"
"01a0f83d-bb34-7afa-9c10-ac98a8fb707a","2602776805","امجد امجد كتابو كتابو","","","019c18d5-62e1-7000-8000-000000000005","3","False"
"01a09667-03cf-70c7-891b-ac9aed07c9ab","2625106170","RIDOY HASSAN","","019c18d5-62e1-7000-8000-000000000041","019c18d5-62e1-7000-8000-000000000003","3","False"
"01a09667-03d2-7b52-b849-acb32441c350","2582105843","JOY HOSSAIN","","019c18d5-62e1-7000-8000-000000000042","019c18d5-62e1-7000-8000-000000000003","3","False"
"01a0bf9d-e098-7ddf-bb09-acd1426f4336","2570340964","شريف ناجي احمد عبداللاه","","","019c18d5-62e1-7000-8000-000000000003","3","False"
"01a0f1f9-c12b-756e-92f8-acd7f6d41ad0","2626177055","عبده انور عبده ثابت","","","019c18d5-62e1-7000-8000-000000000003","3","False"
"01a0bf9d-e09b-7609-9759-acf018a98db2","2553312733","بدر محروس محمد عبد الرحيم","","","019c18d5-62e1-7000-8000-000000000003","3","False"
"01a0bf9d-e099-7e40-bc42-acf60c91094a","2628014462","نافيم خان","","","019c18d5-62e1-7000-8000-000000000003","3","False"
"01a09667-03cf-751e-9523-acf61d3172dc","2626679514","احمد فتحى احمد عبدالحليم","","019c18d5-62e1-7000-8000-000000000041","019c18d5-62e1-7000-8000-000000000005","3","False"
"01a0bf9d-e0a2-763d-a197-ad4ad976f5a1","2497305942","مد رفعت","","","019c18d5-62e1-7000-8000-000000000003","3","False"
"01a0bf9d-e09d-7212-9bc8-ad70db0e8a74","2566367963","مد الياس","","","019c18d5-62e1-7000-8000-000000000003","3","False"
"01a0bf9d-e09e-7bd8-9e6f-adb110167118","2554734323","وهيب عبده قايد عبدالله المقاطير","","","019c18d5-62e1-7000-8000-000000000003","3","False"
"01a0bf9d-e09c-7f7e-a10d-adb2c138dc89","2588649042","محمد ابراهيم عبدالكريم جوده","","","019c18d5-62e1-7000-8000-000000000003","3","False"
"01a09667-03cc-771e-a7e6-adce86f81a95","2587645553","احمد طلعت عبدالعليم كشكاش","","019c18d5-62e1-7000-8000-000000000041","019c18d5-62e1-7000-8000-000000000003","5","False"
"01a0bf9d-e09a-7d13-b95a-ade1ff1ea3bd","2565358278","اكرم يحيى يحيى عبدالله شرحول","","","019c18d5-62e1-7000-8000-000000000003","3","False"
"01a09667-03db-709f-a677-ae2647a6de09","2629565009","احمد نصر الدين الحسيني بكر","","019c18d5-62e1-7000-8000-000000000040","019c18d5-62e1-7000-8000-000000000005","3","False"
"01a0bf9d-e09c-77ab-b0cd-ae273f49da0d","2552579464","احمد محمد محي صالح","","","019c18d5-62e1-7000-8000-000000000003","3","False"
"01a0bf9d-e097-76a1-935c-ae55fd06e114","2232902102","محمد علي عبد الرحمن احمد","","","019c18d5-62e1-7000-8000-000000000003","3","False"
"01a0bf9d-e09e-7ead-a55a-ae56a8e2b7a2","2624509119","عبدالرحمن معوض سيد فرج","","","019c18d5-62e1-7000-8000-000000000003","3","False"
"01a0bf9d-e098-755c-961d-ae921006b54e","2625364373","اورنجزنيب خادم مد حسين","","","019c18d5-62e1-7000-8000-000000000003","3","False"
"01a09667-03d2-7c57-9c7a-aecaf8eae51e","2574897464","MD SOJON MIA","","019c18d5-62e1-7000-8000-000000000042","019c18d5-62e1-7000-8000-000000000003","3","False"
"01a09667-03cb-7e5d-8c4f-aeecf39910dc","2578937761","MD SUBUJ MOLLA","","019c18d5-62e1-7000-8000-000000000041","019c18d5-62e1-7000-8000-000000000003","5","False"
"01a09667-03db-77ab-812e-af14de5f7ef1","2627814672","احمد محمد ابراهيم ابوالعمران","","019c18d5-62e1-7000-8000-000000000040","019c18d5-62e1-7000-8000-000000000005","3","False"
"01a0bf9d-e09a-7dae-9001-af52bca7b9fc","2571385885","محمد ناز مال هدي","","","019c18d5-62e1-7000-8000-000000000003","3","False"
"01a0bf9d-e0a0-7544-9308-af97ea5e7a9e","2404457430","محمد الشريف احمد عبد الرحيم محمدين","","","019c18d5-62e1-7000-8000-000000000003","3","False"
"01a0bf9d-e0a2-76c3-8040-afad6d12c3a9","2521539136","مد عبد ال رزاق مد","","","019c18d5-62e1-7000-8000-000000000005","3","False"
"01a09667-03d1-7b60-87eb-aff7622901ff","2516196678","MD ROBIN MD MOMIN","","019c18d5-62e1-7000-8000-000000000042","019c18d5-62e1-7000-8000-000000000003","3","False"
"01a0bf9d-e09b-76b5-8afe-b01fe24ec663","2514282793","شهاب محمد مرسي حسن","","","019c18d5-62e1-7000-8000-000000000003","3","False"
"01a0bf9d-e0a4-727f-81f1-b04844b925c7","2566185399","محمد رفاعي الدين نور","","","019c18d5-62e1-7000-8000-000000000003","3","False"
"01a09667-03d7-7582-9f94-b05b4a7ad24e","2588159976","احمد محمد السيد الكفراوي","","","019c18d5-62e1-7000-8000-000000000003","6","False"
"01a0bf9d-e098-798a-b0d2-b088d25f9938","2619042415","عبدالمحسن سعد عبدالمحسن","","","019c18d5-62e1-7000-8000-000000000003","3","False"
"01a0bf9d-e0a3-7ca3-bc11-b0ece914f63f","2604134698","محمد يوسف سليم مرسي","","","019c18d5-62e1-7000-8000-000000000005","3","False"
"01a0bf9d-e0a5-7678-bb67-b11867e2e11d","2510021047","فايم علي محمد بوتا","","","019c18d5-62e1-7000-8000-000000000003","3","False"
"01a0bf9d-e0a3-7dcb-8153-b1533c8ee6cb","2630110753","انجام نافيد محمد افضل","","","019c18d5-62e1-7000-8000-000000000003","3","False"
"01a0bf9d-e0a2-75d5-bd30-b1d0552eb674","2518454935","أنور خان خان والي","","","019c18d5-62e1-7000-8000-000000000005","3","False"
"9a105959-aa57-4470-b4be-b1ebffcbf69d","2571077854","علي احمد","","","","1","False"
"01a0bf9d-e09d-7e5c-a890-b231c91f9305","2265242020","ادم عبدالرازق محمود","","","019c18d5-62e1-7000-8000-000000000003","3","False"
"01a09667-03d9-7d00-b17f-b2647728c020","2584127670","محمد ال كوثر ابو","","","019c18d5-62e1-7000-8000-000000000003","6","False"
"01a0bf9d-e09d-7fd1-82cb-b286f2fac825","2588255170","محمد عادل فكري محمود","","","019c18d5-62e1-7000-8000-000000000003","3","False"
"01a0bf9d-e09a-7be6-9e0c-b2c573db7c01","2517843492","عمر فاروق عمر فاروق","","","019c18d5-62e1-7000-8000-000000000003","3","False"
"01a0bf9d-e099-7ae9-a09f-b2f8a05e7ee9","2604730636","ادم علي محمد النجري","","","019c18d5-62e1-7000-8000-000000000005","3","False"
"01a0bf9d-e0a3-74fb-ad63-b31105164c1c","2606277800","احمد ربيع رضوان محمد","","","019c18d5-62e1-7000-8000-000000000003","3","False"
"01a0bf9d-e09a-7106-9ffc-b3578dbf7e8f","2504377298","علي طاهر علي مصلح ويس","","","019c18d5-62e1-7000-8000-000000000003","3","False"
"01a09667-03db-7d29-b4ee-b35e6ad3c6b5","2636655173","ال مغير حسين","","019c18d5-62e1-7000-8000-000000000040","019c18d5-62e1-7000-8000-000000000005","3","False"
"01a0bf9d-e09a-7dd9-849d-b38f71660c45","2353402890","حمزه محمد العزي","","","019c18d5-62e1-7000-8000-000000000003","3","False"
"01a0bf9d-e09b-7186-8770-b3ef960b89b4","2542345828","عبدالرحمن ناجح محمود عبدالمنعم","","","019c18d5-62e1-7000-8000-000000000003","3","False"
"01a0bf9d-e09a-737b-8a8e-b3f03281b042","2271299428","سعيد ابراهيم - حسن","","","019c18d5-62e1-7000-8000-000000000003","3","False"
"01a0bf9d-e09d-75d3-bd16-b48163d397f2","2368564312","محمد عبد الرسول كامل سليمان","","","019c18d5-62e1-7000-8000-000000000003","3","False"
"01a0bf9d-e09b-7eb3-989f-b4949ccbb584","2476331877","محمد ممدوح محمد الجعبرى","","","019c18d5-62e1-7000-8000-000000000003","3","False"
"01a09667-03c8-7f71-bf8e-b516bee7b73c","2530816327","MD RIAZ AHAMED","","019c18d5-62e1-7000-8000-000000000041","019c18d5-62e1-7000-8000-000000000003","3","False"
"01a0bf9d-e0a6-710f-ad4f-b52fbcb0423a","2316647599","محمود عبدالعليم عبدالدايم احمد","","","019c18d5-62e1-7000-8000-000000000003","3","False"
"01a0bf9d-e0a2-7c44-8b34-b5710d801304","2553523255","نظام الدين اول خان باز","","","019c18d5-62e1-7000-8000-000000000005","3","False"
"041c7aec-6242-4893-8362-b59a626df136","2528033984","احمد رجب خضر محمد","","","","1","False"
"01a09667-03d0-73e5-a838-b5b02a7cc8ec","2640405243","AKTER HOSSAN","","019c18d5-62e1-7000-8000-000000000041","019c18d5-62e1-7000-8000-000000000003","3","False"
"01a0bf9d-e09d-7f5f-adf0-b5c4fb96c2ca","2618977058","محمد عاطف زكي فرج","","","019c18d5-62e1-7000-8000-000000000003","3","False"
"01a0bf9d-e09f-7fe0-a085-b5edc5021c11","2317405294","عبد العزيز نوراديس احمد","","","019c18d5-62e1-7000-8000-000000000003","3","False"
"01a0bf9d-e09a-7dc7-bc5e-b60025ef9684","2594577500","محمد جافيد","","","019c18d5-62e1-7000-8000-000000000003","3","False"
"01a0bf9d-e098-79dc-bc8f-b62396d0efe5","2630627061","محمد علا الدين","","","019c18d5-62e1-7000-8000-000000000003","3","False"
"01a0bf9d-e0a7-7136-b784-b6307e33e96a","2123417863","عبدالله حسين ابراهيم الرباعي","","","019c18d5-62e1-7000-8000-000000000003","3","False"
"01a0bf9d-e0a6-7ecc-b9dc-b64cbb8a36b7","2329547265","جمال محمد احمد","","","019c18d5-62e1-7000-8000-000000000003","3","False"
"01a09667-03cb-78b3-802c-b6629e5b8502","2581598550","MUHAMMAD ATIF BASHIR BASHIR AHMAD","","019c18d5-62e1-7000-8000-000000000041","019c18d5-62e1-7000-8000-000000000003","7","False"
"01a0bf9d-e0a0-794c-999a-b67fb2e79599","2531927651","نوفل عبدالسلام احمد","","","019c18d5-62e1-7000-8000-000000000003","3","False"
"01a0bf9d-e0a0-7e2c-a1b1-b683ccc44a43","2136468069","عبدالله على ادن","","","019c18d5-62e1-7000-8000-000000000003","3","False"
"01a09667-03d1-7e89-93d8-b6b879b5c453","2535636027","حسن نعمان حسن احمد","","019c18d5-62e1-7000-8000-000000000042","019c18d5-62e1-7000-8000-000000000003","6","False"
"01a0bf9d-e0a3-7e1d-be8d-b6f0fa9999e3","2627643626","موهد شاه نورارشاد","","","019c18d5-62e1-7000-8000-000000000003","3","False"
"01a0bf9d-e0a3-74ef-a64f-b7107f1f120b","2629795036","سلمان احمد","","","019c18d5-62e1-7000-8000-000000000003","3","False"
"01a0bf9d-e0a6-7a03-b96a-b76d84f51024","2185603384","محمد احمد مطهر مونس","","","019c18d5-62e1-7000-8000-000000000003","3","False"
"01a0bf9d-e098-72a4-9b8f-b76f47f83e6e","2611916483","ابراهيم طه جاد عيسى","","","019c18d5-62e1-7000-8000-000000000003","3","False"
"01a0bf9d-e0a1-740f-b7a2-b79d3d67eb59","2617907502","محمد شريف توفيق شريف","","","019c18d5-62e1-7000-8000-000000000003","3","False"
"01a0bf9d-e09f-77c4-a52d-b7badaf79929","2560995694","محمد عمر محمد صوبى","","","019c18d5-62e1-7000-8000-000000000003","3","False"
"01a09667-03c9-71f6-9b65-b7bbdd490ac9","2559241233","مروان يحى عبدالحفيظ اسماعيل","","019c18d5-62e1-7000-8000-000000000041","019c18d5-62e1-7000-8000-000000000003","8","False"
"01a0bf9d-e0a1-72d8-86cc-b7d6e361bb78","2564163596","احمد خالد كريم صوبي","","","019c18d5-62e1-7000-8000-000000000003","3","False"
"01a0f1f3-5333-74ad-9d77-b8231f6e8766","2551745496","سيد محمد سيد عبدالحميد","","","019c18d5-62e1-7000-8000-000000000005","3","False"
"01a0bf9d-e09f-7e65-b86d-b83faeed8367","2471396644","غلام مرتضي محمد يوسف","","","019c18d5-62e1-7000-8000-000000000003","3","False"
"01a09667-03d7-787b-aa74-b88105e83d89","2519581546","فرهد اوسين","","","019c18d5-62e1-7000-8000-000000000003","6","False"
"01a09667-03d0-7d21-b20e-b8a725f2ad70","2508923329","FARID HOSSAIN","","019c18d5-62e1-7000-8000-000000000042","019c18d5-62e1-7000-8000-000000000003","3","False"
"01a0bf9d-e09f-7ec9-a8a5-b9538c2ad277","2321390169","أحمد علي ساليلو","","","019c18d5-62e1-7000-8000-000000000003","3","False"
"01a09667-03d1-7533-b6b8-b9590c4e11f1","2525914756","ALAMGIR LAL HOSSEN JAHANARA","","019c18d5-62e1-7000-8000-000000000042","019c18d5-62e1-7000-8000-000000000003","3","False"
"01a0bf9d-e09c-74d1-bc37-b9627bdd7eb0","2493689828","ابو جعفر محمد صلاح","","","019c18d5-62e1-7000-8000-000000000003","3","False"
"01a0bf9d-e0a1-7663-a93a-b96d3e2a0fbd","2552274785","مدثر علي ذو الفقار علي","","","019c18d5-62e1-7000-8000-000000000003","3","False"
"01a0bf9d-e0a7-7bab-a3a9-b973758655a7","2615854565","محمود يحى","","","019c18d5-62e1-7000-8000-000000000005","3","False"
"01a0bf9d-e0a2-7cab-b35c-b9b259fd0f55","2611407459","اام رياض الأسلام","","","019c18d5-62e1-7000-8000-000000000005","3","False"
"01a0bf9d-e09c-707c-b3b4-b9b352490d51","2203591041","محمد عبدالعال شحاته نصرالدين","","","019c18d5-62e1-7000-8000-000000000003","3","False"
"01a0bf9d-e09d-7261-ac95-b9da4553025a","2591048307","محمد محمد ابراهيم حسن","","","019c18d5-62e1-7000-8000-000000000003","3","False"
"e584041a-f69f-400b-91d6-b9ecf64eb608","2574083834","حسان رازازاهدقدري محمد","","","","1","False"
"01a0bf9d-e0a4-7b58-83a0-ba41111d84b7","2529222123","سهيل احمد سلطان احمد","","","019c18d5-62e1-7000-8000-000000000003","3","False"
"01a0bf9d-e09b-7173-8f61-ba7eb2d9ecbd","2555284708","هيثم ربيع محمود حسين","","","019c18d5-62e1-7000-8000-000000000003","3","False"
"01a0bf9d-e0a4-7403-be20-bab8ad90ddd2","2535442145","ابرار حسين كرمات علي","","","019c18d5-62e1-7000-8000-000000000003","3","False"
"01a09667-03d7-7b1f-a456-bac97241bec6","2562698833","محمد رمضان محمد خليفه","","","019c18d5-62e1-7000-8000-000000000003","6","False"
"01a0bf9d-e09e-709b-b695-baf34c1d81ab","2568510719","عوض الله عبدالجواد عوض عبد الجواد","","","019c18d5-62e1-7000-8000-000000000003","3","False"
"01a09667-03cf-7cb8-8c06-baf59d99a119","2623661606","SHOAIB AHMAD MUHAMMAD TUFAIL","","019c18d5-62e1-7000-8000-000000000041","019c18d5-62e1-7000-8000-000000000003","5","False"
"01a09667-03d8-7504-ae9d-bb3ac5fb2426","2618668764","محمود محمد محمود حسن","","","019c18d5-62e1-7000-8000-000000000003","6","False"
"01a09667-03cd-7705-9bf8-bb3ce34c4fee","2597772777","سمير هانى سمير ابراهيم","","019c18d5-62e1-7000-8000-000000000041","019c18d5-62e1-7000-8000-000000000005","3","False"
"01a0bf9d-e0a0-7202-ba74-bb595b050d6e","2581664543","اديس محمد","","","019c18d5-62e1-7000-8000-000000000003","3","False"
"01a0bf9d-e09c-71dd-9fb6-bb7e90adc842","2500999913","احمد بشرى احمد البشرى","","","019c18d5-62e1-7000-8000-000000000003","3","False"
"01a0bf9d-e0a1-7f54-8748-bbbd364d0731","2309070528","محمد محمد حسين سالم","","","019c18d5-62e1-7000-8000-000000000003","3","False"
"01a0bf9d-e09d-760b-ba7d-bbbedf076917","2558528572","محمد سيد محمد سليمان","","","019c18d5-62e1-7000-8000-000000000003","3","False"
"01a0bf9d-e099-713d-836d-bc156112174b","2299370458","فيصل رشيد عبدالرشيد","","019c18d5-62e1-7000-8000-000000000040","019c18d5-62e1-7000-8000-000000000003","3","False"
"01a0bf9d-e09b-750a-b18e-bc3395e9054d","2574059966","محمد جابر محمد حسن","","","019c18d5-62e1-7000-8000-000000000003","3","False"
"01a0bf9d-e0a4-7d4e-b616-bc4c6402c4e3","2551283084","سهيل مد حسين مياه احمد","","","019c18d5-62e1-7000-8000-000000000003","3","False"
"01a0bf9d-e0a3-728b-8167-bc6915ef3e7f","2581509300","سجاد محمد اسماعيل","","","019c18d5-62e1-7000-8000-000000000003","3","False"
"01a112ae-6f5c-7c27-8297-bc8c3a6846b0","2208056685","ماجد سعد سالم","","","019c18d5-62e1-7000-8000-000000000003","3","False"
"01a09667-03d1-78a6-98c9-bcc8bfc82564","2541115800","حمزه اسعد ابو بكر حامد","","019c18d5-62e1-7000-8000-000000000042","019c18d5-62e1-7000-8000-000000000005","3","False"
"01a0bf9d-e097-75b6-8bf1-bd0aed90988e","2606637078","صادق عبدالله سالي","","","019c18d5-62e1-7000-8000-000000000003","3","False"
"01a09667-03ce-712e-8a8d-bd17da4c1a2b","2604974614","منصور جمال منصور على","","019c18d5-62e1-7000-8000-000000000041","019c18d5-62e1-7000-8000-000000000003","3","False"
"01a0bf9d-e0a3-79ef-b929-bd2fdf7db9d3","2577525115","MUHAMMAD KHAIRUL","","","019c18d5-62e1-7000-8000-000000000005","3","False"
"01a0bf9d-e099-700d-b3d7-bd31b7154f63","2136891518","سعيد عبدة ناصر اسماعيل","","","019c18d5-62e1-7000-8000-000000000003","3","False"
"01a09667-03d3-78fd-8796-bd4e98731e50","2586483055","عز الدين امين عبد الغنى الملاح","","019c18d5-62e1-7000-8000-000000000042","019c18d5-62e1-7000-8000-000000000003","3","False"
"01a0bf9d-e0a2-775d-8d1a-bd5b37ea935b","2635083492","ايهاب احمد توفيق جابر","","","019c18d5-62e1-7000-8000-000000000003","3","False"
"01a0bf9d-e0a2-73e6-a1e5-bd754286f16b","2550461525","عبيد افريدي غافور خان","","","019c18d5-62e1-7000-8000-000000000005","3","False"
"01a0bf9d-e0a4-7a65-9de4-bd78b8e6f66e","2552747590","محمد جمشد يارمحمد","","","019c18d5-62e1-7000-8000-000000000003","3","False"
"01a0bf9d-e0a0-7fcc-bbe2-bdc58c94fc1f","2337753699","رفعت الصديق الطيب محمد","","","019c18d5-62e1-7000-8000-000000000003","3","False"
"01a0bf9d-e09a-7cbf-a1b4-bddf72c8aa86","2596887808","محمد احمد محمد صغير","","","019c18d5-62e1-7000-8000-000000000003","3","False"
"01a09667-03d7-744d-8728-bde4988932f7","2581622012","زياد معروف ابراهيم بازينه","","","019c18d5-62e1-7000-8000-000000000003","6","False"
"01a0bf9d-e09d-7d7e-98e6-bdfe5a1eb195","2579383221","حمدى فتحى محمود طاحون","","","019c18d5-62e1-7000-8000-000000000003","3","False"
"01a0bf9d-e0a6-77cd-8255-be2b6bad4bf3","2381900998","عبدالله محمد صديق","","","019c18d5-62e1-7000-8000-000000000003","3","False"
"01a0bf9d-e09c-781b-a6c5-be2ef7719c28","2317533129","البراء خالد عثمان الطاهر","","","019c18d5-62e1-7000-8000-000000000003","3","False"
"01a0bf9d-e09d-734b-bc13-be38edd13251","2545005833","حسن محمد نجيب احمد","","019c18d5-62e1-7000-8000-000000000040","019c18d5-62e1-7000-8000-000000000003","3","False"
"01a0bf9d-e0a6-745f-b506-be73559a4c9c","2190915989","محمد شاه جان","","","019c18d5-62e1-7000-8000-000000000003","3","False"
"01a0bf9d-e09d-7bb1-8bfe-be77ce764574","2586925089","محمد ممدوح محمد سبع","","","019c18d5-62e1-7000-8000-000000000003","3","False"
"01a09667-03d1-77ac-aed3-be9bfdc86ae7","2546064722","اشرف قرنى على جنيدى","","019c18d5-62e1-7000-8000-000000000042","019c18d5-62e1-7000-8000-000000000003","3","False"
"01a0bf9d-e0a0-70eb-a354-bec4f3810c90","2248548873","محمد علي احمد نصار","","","019c18d5-62e1-7000-8000-000000000003","3","False"
"01a09667-03d9-7ea6-976a-bf5de4f14926","2588795746","عبدالخالق حسن سيد محمد","","","019c18d5-62e1-7000-8000-000000000003","6","False"
"01a0f695-299b-7a5b-8507-bf670ae3296d","2609739657","مد كمال كازى","","","019c18d5-62e1-7000-8000-000000000005","3","False"
"01a0bf9d-e0a1-7a9d-b0e9-bf951a9b7933","2628359578","عبد الرحمن عمر سلامه على","","","019c18d5-62e1-7000-8000-000000000003","3","False"
"01a0bf9d-e09e-7b95-98ed-c017b6c75655","2561931821","علي زهجر علام علي","","","019c18d5-62e1-7000-8000-000000000003","3","False"
"01a0bf9d-e09a-72d9-b9f7-c0216bba0b87","2610582609","طه جابر محمود موسي","","","019c18d5-62e1-7000-8000-000000000003","3","False"
"01a09667-03d0-7a33-bbc9-c02c1519427f","2640405862","SAHIN ALAM ROVEN","","019c18d5-62e1-7000-8000-000000000041","019c18d5-62e1-7000-8000-000000000003","3","False"
"01a0bf9d-e0a2-7f45-9508-c061edf990ac","2534488487","أنيشمون رشيد رصاف","","","019c18d5-62e1-7000-8000-000000000003","3","False"
"01a0bf9d-e0a6-7d59-87a0-c0819aa21c2a","2140415098","عبدالكريم سهيل محمد الجرو","","","019c18d5-62e1-7000-8000-000000000003","3","False"
"01a09667-03d9-78ca-9f84-c08cf082135e","2612093464","محمد صلاح عبد الرحمن محمد","","019c18d5-62e1-7000-8000-000000000041","019c18d5-62e1-7000-8000-000000000003","7","False"
"01a09667-03ca-7d5a-b6b3-c0b94a4560a7","2573670342","MD MASUD RANA","","019c18d5-62e1-7000-8000-000000000041","019c18d5-62e1-7000-8000-000000000003","3","False"
"01a0bf9d-e09b-7638-bd41-c1124c0a819c","2607599160","اسامه محمد عبدالمنعم متولي","","","019c18d5-62e1-7000-8000-000000000003","3","False"
"01a0bf9d-e09c-7775-85a4-c122adfb1490","2466454440","محمد اصف نذير احمد","","","019c18d5-62e1-7000-8000-000000000003","3","False"
"01a0bf9d-e09f-7a56-82b5-c13816259180","2535062042","ابراهيم يحيى يحيى عبدالله خريص","","","019c18d5-62e1-7000-8000-000000000003","3","False"
"01a0bf9d-e098-75ff-b574-c143bf13cf5d","2477904334","عادل رحمان حاضر علي","","","019c18d5-62e1-7000-8000-000000000003","3","False"
"01a0bf9d-e09c-76a1-bb26-c15fc59ec020","2388051704","مصطفي توفيق وهبه حسين","","","019c18d5-62e1-7000-8000-000000000003","3","False"
"01a0bf9d-e0a0-7d3d-9021-c1658531cb62","2597992805","مصطفى علي محمد علي","","","019c18d5-62e1-7000-8000-000000000003","3","False"
"01a0f7d3-7c23-700a-91f0-c1bec64b3ae9","2575515149","خالد جمال محمد عبد الجواد","","","019c18d5-62e1-7000-8000-000000000003","3","False"
"01a0bf9d-e098-759e-8da7-c1faeef1df7b","2541316366","سالم صالح حسين علي شعلان","","","019c18d5-62e1-7000-8000-000000000003","3","False"
"01a0bf9d-e0a4-7b38-82da-c204c9e421d7","2537862290","عبد ال حميد رحيم بوش شاشر","","","019c18d5-62e1-7000-8000-000000000003","3","False"
"01a0bf9d-e09b-782a-a91b-c21e58d1be49","2032502144","محمود حسن مصطفي موسي","","","019c18d5-62e1-7000-8000-000000000003","3","False"
"01a0bf9d-e099-79ff-90ab-c23c32ce9a09","2632155707","محمد السيد محمد على","","","019c18d5-62e1-7000-8000-000000000003","3","False"
"01a09667-03d8-75fc-b23f-c276150ae9dc","2608898918","احمد عماد احمد الشيخ","","","019c18d5-62e1-7000-8000-000000000003","6","False"
"01a0bf9d-e09f-7bc7-aae8-c2c6b8d47921","2364250627","محمود عيسى ابراهيم متولى","","","019c18d5-62e1-7000-8000-000000000003","3","False"
"01a0bf9d-e09d-792f-af48-c2c9402b8679","2617549858","السعيد حمد احمد مصطفي","","","019c18d5-62e1-7000-8000-000000000003","3","False"
"01a0bf9d-e099-7f4a-895d-c2efc0cd96ad","2622762447","محمد سلمان محمد عرفان","","","019c18d5-62e1-7000-8000-000000000003","3","False"
"01a09667-03da-7756-ad4e-c36e2ea7b61d","2624402760","مد ا ريحان ا","","","019c18d5-62e1-7000-8000-000000000003","6","False"
"01a0bf9d-e0a1-7765-8b3b-c36f01f6b2d6","2299221958","منير بشير سيد","","","019c18d5-62e1-7000-8000-000000000003","3","False"
"01a09667-03d6-709d-b658-c3f3f828a1f6","2489930913","سلمان سديكيو سراج سديكيو","","","019c18d5-62e1-7000-8000-000000000003","6","False"
"01a0bf9d-e09d-7293-b91a-c4326bcc5d21","2550143958","موهين الدين","","","019c18d5-62e1-7000-8000-000000000003","3","False"
"01a09667-03db-70aa-8ba6-c4b6a568be1b","2627814763","مينا نادر نجيب فارس","","019c18d5-62e1-7000-8000-000000000040","019c18d5-62e1-7000-8000-000000000003","3","False"
"d17a3c53-b018-41d6-be0a-c4e4011f685f","2554878906","بلال رازا توقير","","","","1","False"
"01a11164-870c-7565-85ac-c512bd60729a","2575808882","مدحت يسرى محمد المسيرى","","","019c18d5-62e1-7000-8000-000000000003","3","False"
"01a09667-03d3-7434-9af3-c51df761f4cf","2594991420","تامر عبد الدايم عبد النبي عبد السلام","","019c18d5-62e1-7000-8000-000000000042","019c18d5-62e1-7000-8000-000000000003","3","False"
"01a09667-03c9-7e67-bfe2-c523e15487e4","2564056683","MD SABBIR","","019c18d5-62e1-7000-8000-000000000041","019c18d5-62e1-7000-8000-000000000003","3","False"
"01a0bf9d-e0a4-7a8a-8c3e-c5471d9e63b3","2534448556","ظهير شهيد","","","019c18d5-62e1-7000-8000-000000000003","3","False"
"01a09667-03ca-7feb-a1b3-c550371fe9cd","2572717136","محمود محمد محمد السعيد","","019c18d5-62e1-7000-8000-000000000041","019c18d5-62e1-7000-8000-000000000003","3","False"
"01a0bf9d-e0a4-7c01-b17a-c55e23633b1a","2546285640","محمد عثمان محمد رياض","","","019c18d5-62e1-7000-8000-000000000003","3","False"
"01a0bf9d-e0a2-7f76-bfd4-c59194ccd76e","2558565558","وثيق محمد شمسان حيدر","","","019c18d5-62e1-7000-8000-000000000003","3","False"
"01a115ff-83c5-7b3e-a624-c5c2e67432a2","2459496176","صالح احمد صالح وهبان","","","019c18d5-62e1-7000-8000-000000000003","3","False"
"01a09667-03c7-7370-a9c2-c6008406825e","2487867026","MD AFJAL SORDAR","","019c18d5-62e1-7000-8000-000000000041","019c18d5-62e1-7000-8000-000000000003","3","False"
"01a09667-03d7-70bf-99b5-c603e224f257","2555915038","محمد طاهر غلام جعفر","","","019c18d5-62e1-7000-8000-000000000003","6","False"
"01a09667-03ca-71db-97f5-c619b713dfed","2575173816","مصطفى عبدالكريم عبده ابوحسين","","019c18d5-62e1-7000-8000-000000000041","019c18d5-62e1-7000-8000-000000000003","5","False"
"01a09667-03d0-7cd5-9f64-c61b46aa600a","2438765915","ABUBAKKAR SIDDIK","","019c18d5-62e1-7000-8000-000000000042","019c18d5-62e1-7000-8000-000000000003","3","False"
"01a09667-03d0-7d4d-9635-c6873cbc0c49","2640405433","MD SAIFUL ISLAM","","019c18d5-62e1-7000-8000-000000000041","019c18d5-62e1-7000-8000-000000000003","3","False"
"01a0bf9d-e097-7789-b5ac-c68aab6ea294","2431435433","اسامة محمد الهجا حسن خليفة","","","019c18d5-62e1-7000-8000-000000000003","3","False"
"01a0bf9d-e0a6-7a3b-8c0d-c6915172f7d0","2282145040","يعقوب سليمان لبي","","","019c18d5-62e1-7000-8000-000000000003","3","False"
"01a09667-03d7-7783-ae25-c695f2298f38","2572617187","نوشاد احمد خان","","","019c18d5-62e1-7000-8000-000000000003","6","False"
"01a0bf9d-e099-7568-8c92-c6ebb00815d4","2233903638","أنعام ال حق عبد ال حي","","","019c18d5-62e1-7000-8000-000000000003","3","False"
"01a0bf9d-e09a-7d8d-917d-c742ba373b16","2576199745","احمد سرحان خليل حسن","","","019c18d5-62e1-7000-8000-000000000003","3","False"
"01a0f34d-c2d6-7871-8628-c74cde879d87","2599085434","محمد عاطف طه عباس","","","019c18d5-62e1-7000-8000-000000000005","3","False"
"01a1077e-84bd-74db-966f-c768d8f1f169","2553651965","عيسى بوليدي خالد حسين","","","019c18d5-62e1-7000-8000-000000000003","3","False"
"01a09667-03c6-73fe-ac6f-c7a61882f955","2238306175","MOHAMED SHIYAM SHAHUL HAMEED","","019c18d5-62e1-7000-8000-000000000041","019c18d5-62e1-7000-8000-000000000003","3","False"
"01a0bf9d-e0a4-7888-9e9f-c7dffc7b4863","2551087345","محمد سليمان محمد سليمان","","","019c18d5-62e1-7000-8000-000000000003","3","False"
"01a0bf9d-e099-763b-be2e-c8760fda2039","2526331299","م س","","","019c18d5-62e1-7000-8000-000000000003","3","False"
"01a0bf9d-e099-7bff-8b46-c8798d8c17f6","2554110599","ريتو جركالوت روبيلوس","","","019c18d5-62e1-7000-8000-000000000003","3","False"
"01a0bf9d-e098-7de2-84c4-c880f3892e27","2136976095","هاشم خميس محفوظ سلمي","","","019c18d5-62e1-7000-8000-000000000003","3","False"
"01a0bf9d-e0a1-77bc-94c8-c894dd6ad79d","2441079098","محمد محمد السعيد عبد الوهاب","","","019c18d5-62e1-7000-8000-000000000003","3","False"
"01a0f19d-db60-7739-89e5-c8d961e52547","2141698692","عبدالله سالم عثمان باحسين","","","019c18d5-62e1-7000-8000-000000000003","3","False"
"01a0f237-7af3-77d0-b464-c8eed44f1e97","2570209656","زاهد الله اتبال شاه","","","019c18d5-62e1-7000-8000-000000000005","3","False"
"01a0f7a7-10d4-759b-a761-c92d358403a2","2556559553","محمود السيد حامد علي","","","019c18d5-62e1-7000-8000-000000000003","3","False"
"01a0bf9d-e099-7b48-97ea-c93a68a94692","2505643854","محمد جاهد حسن","","","019c18d5-62e1-7000-8000-000000000003","3","False"
"01a09667-03c8-769d-b04b-c93f38abd011","2554106605","احمد عيد محمد محمد","","019c18d5-62e1-7000-8000-000000000041","019c18d5-62e1-7000-8000-000000000003","3","False"
"01a0bf9d-e098-7f31-aff0-c96f4cbf9bd3","2600323766","محمد بيجوي","","","019c18d5-62e1-7000-8000-000000000003","3","False"
"01a09667-03c8-79bf-9fcb-c9e2de9d74fc","2549268429","SOBOZ ABDUL MOTALEB","","019c18d5-62e1-7000-8000-000000000041","019c18d5-62e1-7000-8000-000000000003","3","False"
"7550128a-052f-4752-a5fd-c9ea02debf43","2574682502","بركات علي خان قلندير","","","","1","False"
"01a0bf9d-e09b-744e-9bde-ca248d35185b","2561015245","عبدالعزيز هلال ابوعيشه","","","019c18d5-62e1-7000-8000-000000000003","3","False"
"01a0bf9d-e097-72e6-acf2-ca83b6f4e1f3","2490594039","عارف حسين شاه جاهان","","","019c18d5-62e1-7000-8000-000000000003","3","False"
"01a0bf9d-e0a1-7447-b353-ca8d8b756cfe","2495665248","مازن عيد محمد صالح حامد","","","019c18d5-62e1-7000-8000-000000000003","3","False"
"01a0bf9d-e0a1-7642-a791-cab6c013e690","2332358486","حمد يونس ابراهيم","","","019c18d5-62e1-7000-8000-000000000003","3","False"
"01a0bf9d-e09a-72d5-9330-cad5ddfb4504","2566693277","امير ابراهيم عبد التواب","","","019c18d5-62e1-7000-8000-000000000003","3","False"
"01a0bf9d-e097-7183-b2ff-cafcd6925829","2565108624","على محمود عبدالحميد محمد","","","019c18d5-62e1-7000-8000-000000000003","3","False"
"01a0bf9d-e0a0-7dd5-bf74-cb059581a70e","2578464535","سيكاندا علي محمد خان","","","019c18d5-62e1-7000-8000-000000000003","3","False"
"01a0bf9d-e0a4-7acf-a1cf-cb21f78f6122","2555025184","مجد يوسف حسن علي ورو","","","019c18d5-62e1-7000-8000-000000000003","3","False"
"01a0bf9d-e0a2-7089-9c43-cb32848803ba","2634841759","سليمان شعبان عبد البديع زيدان","","","019c18d5-62e1-7000-8000-000000000003","3","False"
"01a0bf9d-e09d-7509-acc0-cb6d5f534b34","2623688369","محمد رمضان السيد منصور","","","019c18d5-62e1-7000-8000-000000000003","3","False"
"01a0f26f-8e79-7979-8937-cb874a37d8f7","2530745104","احمد اسماعيل احمد يوسف","","","019c18d5-62e1-7000-8000-000000000005","3","False"
"01a0bf9d-e09d-7998-bf07-cba67838534a","2365863295","سلبيدار محي الدين اسيس","","","019c18d5-62e1-7000-8000-000000000003","3","False"
"01a0bf9d-e0a0-71ca-80bd-cbc265038703","2578726735","عباس محمد إسماعيل محمد","","","019c18d5-62e1-7000-8000-000000000003","3","False"
"01a09667-03d8-78f3-ba93-cbca0abb2d9b","2608175119","MD HABIBUR RAHMAN","","","019c18d5-62e1-7000-8000-000000000003","6","False"
"01a0bf9d-e09d-72ef-936c-cc21fbe70b78","2591952102","مصطفي محمد حسانين","","","019c18d5-62e1-7000-8000-000000000003","3","False"
"01a0bf9d-e099-7786-8502-cc2b754af7b3","2439619392","طارق عزيز","","","019c18d5-62e1-7000-8000-000000000003","3","False"
"01a0bf9d-e09c-7887-afdd-cc4c183e8e11","2614554968","ابراهيم محمد عارف سالم","","","019c18d5-62e1-7000-8000-000000000003","3","False"
"01a0bf9d-e09a-72ec-a0ae-cc55d7cefa55","2398007688","احمد عرفة حسن","","","019c18d5-62e1-7000-8000-000000000003","3","False"
"01a0bf9d-e09c-74a0-860a-cc5c5079433a","2532074958","محمد سالم فرج بن دهري","","","019c18d5-62e1-7000-8000-000000000003","3","False"
"01a101a4-c3c6-71a2-865f-cc608d0db6ab","2453917664","ابوبكر عبد الله ابراهيم محمد","","","019c18d5-62e1-7000-8000-000000000003","3","False"
"01a0bf9d-e0a3-737d-8d86-cc726827f5e8","2573956220","شاهين علام علام علام","","","019c18d5-62e1-7000-8000-000000000003","3","False"
"01a09667-03cf-7617-90f8-cc742e4e48ef","2617590837","ANWAR HOSEN","","019c18d5-62e1-7000-8000-000000000041","019c18d5-62e1-7000-8000-000000000003","3","False"
"01a0bf9d-e09d-753b-9a80-cc7a3926ee4a","2496758141","مد شهيد حسين","","","019c18d5-62e1-7000-8000-000000000003","3","False"
"01a09667-03d0-71e0-90b9-ccbd777b8b65","2076420757","عبدالكريم ابوبكر علي باقيس","","019c18d5-62e1-7000-8000-000000000042","019c18d5-62e1-7000-8000-000000000003","3","False"
"01a0bf9d-e0a3-7bdc-bcd9-cd292166e48e","2618126268","محمد أ حميد","","","019c18d5-62e1-7000-8000-000000000003","3","False"
"01a0bf9d-e0a3-7ffd-8bf1-cd4cc7a2a488","2624519324","محمد فهيم محمد ساثيكين","","","019c18d5-62e1-7000-8000-000000000003","3","False"
"01a0bf9d-e0a4-79c4-8640-cd5448a4cf1b","2560192961","عبدالله ال نعمان","","","019c18d5-62e1-7000-8000-000000000003","3","False"
"01a0bf9d-e0a6-72b4-9f39-cde18535c5c2","2368947715","علي علي محمد علي عامر","","","019c18d5-62e1-7000-8000-000000000003","3","False"
"01a0bf9d-e09c-75f2-b616-cdf3885f2fb5","2582785073","محمد عبدالهادي ابراهيم البلقيني","","","019c18d5-62e1-7000-8000-000000000003","3","False"
"01a0bf9d-e0a4-783c-b1a1-cdf4548c2af5","2546415825","سيف الله غلام سروار","","","019c18d5-62e1-7000-8000-000000000003","3","False"
"01a09667-03d1-7f52-996e-ce081a2bb8c8","2515137129","JAHIRUL KUDDUS SHAMNI BEGUM","","019c18d5-62e1-7000-8000-000000000042","019c18d5-62e1-7000-8000-000000000003","5","False"
"01a0bf9d-e0a6-7e72-bf01-ce1c65e21121","2183252457","حمود علي هادي الباعري","","","019c18d5-62e1-7000-8000-000000000003","3","False"
"01a0bf9d-e0a5-7075-9d03-ce2cbdb84096","2460324177","عمرو عبد العاطى حسين عبد الهادى","","","019c18d5-62e1-7000-8000-000000000003","3","False"
"01a0bf9d-e0a6-741e-8699-ce4d467f0ed6","2345361451","ابراهيم احمد سيد","","","019c18d5-62e1-7000-8000-000000000003","3","False"
"01a0bf9d-e09c-7ec0-b8a8-ce5d2ad61bb1","2515994610","ابراهيم محمد ابراهيم الحداد","","","019c18d5-62e1-7000-8000-000000000003","3","False"
"01a09667-03d4-7b31-bbce-ce61894195c7","2603735420","MD RAFIUL ALAM CHOWDHURY","","019c18d5-62e1-7000-8000-000000000042","019c18d5-62e1-7000-8000-000000000003","3","False"
"01a0bf9d-e099-76b4-881c-ce630e11b647","2536374099","محمد عمران محمد اسماعيل","","","019c18d5-62e1-7000-8000-000000000003","3","False"
"01a09667-03c9-7193-a976-ce8396f8e2e2","2555827928","KAMAL UDDIN","","019c18d5-62e1-7000-8000-000000000041","019c18d5-62e1-7000-8000-000000000003","3","False"
"01a09667-03d6-7598-b990-ce9bc8c0c930","2504982758","سادام حسين علي الدين اليبدين","","","019c18d5-62e1-7000-8000-000000000003","6","False"
"01a09667-03ce-7054-9043-cea16c057fd0","2601505262","امير اسماعيل رجب عواض","","019c18d5-62e1-7000-8000-000000000041","019c18d5-62e1-7000-8000-000000000003","3","False"
"01a09667-03da-71f3-91f4-cf2b64d44f1d","2623569254","يوسف عبد المقصود","","019c18d5-62e1-7000-8000-000000000040","019c18d5-62e1-7000-8000-000000000003","3","False"
"01a0bf9d-e09d-7cd7-a7e0-cf3f15610f61","2521496642","مد عاشق مياه","","","019c18d5-62e1-7000-8000-000000000003","3","False"
"01a0bf9d-e099-77a7-a33e-cf580e6086fc","2615356637","شهاب محمد علي الشهابي","","","019c18d5-62e1-7000-8000-000000000005","3","False"
"01a09667-03d8-74c2-a15f-cf834f7a1fb5","2593749977","احمد عثمان عبد الجواد شمس","","","019c18d5-62e1-7000-8000-000000000003","6","False"
"01a0bf9d-e09e-7995-9a07-cf94a54f287b","2565854250","حسام احمد عبدالله اسماعيل","","","019c18d5-62e1-7000-8000-000000000003","3","False"
"01a09667-03d7-7a48-9729-cfb76def742a","2584449017","AMAZD HOSSEN","","","019c18d5-62e1-7000-8000-000000000003","6","False"
"01a0bf9d-e0a5-76e3-9f23-d00de7a86d24","2451750372","يوسف لطف علي الصبحي","","","019c18d5-62e1-7000-8000-000000000003","3","False"
"01a09667-03d7-7412-9603-d018ee7a90e4","2519510107","مسعود رنا","","","019c18d5-62e1-7000-8000-000000000003","6","False"
"01a0f2d5-ee80-769a-88d0-d02d5bf86e95","2516815368","افيش كاتابو","","","019c18d5-62e1-7000-8000-000000000005","3","False"
"01a0bf9d-e099-7913-88fa-d02faa19e123","2539921391","محمد عبدالحليم سيد طه","","","019c18d5-62e1-7000-8000-000000000005","3","False"
"01a09667-03d2-7b4e-a9bb-d0451999f28b","2581625023","محمد عماد على عبد العزيز","","019c18d5-62e1-7000-8000-000000000042","019c18d5-62e1-7000-8000-000000000003","3","False"
"01a09667-03db-70fe-85ef-d0733c0ba7f3","2627814839","محمود السيد عطيه السيد","","019c18d5-62e1-7000-8000-000000000040","019c18d5-62e1-7000-8000-000000000005","3","False"
"01a0bf9d-e099-7a95-8963-d0b8628d5534","2615235633","مد ذاكر الاسلام","","","019c18d5-62e1-7000-8000-000000000003","3","False"
"01a0bf9d-e0a4-7cfc-b180-d0df64760454","2561345170","محمد جنيد علي ساحد","","","019c18d5-62e1-7000-8000-000000000003","3","False"
"01a0bf9d-e09e-73f1-b57e-d0e4c612dd7a","2579656709","ايمن احمد حامد سليه","","","019c18d5-62e1-7000-8000-000000000003","3","False"
"01a09667-03d4-707c-86a6-d0f6fd57fbf0","2605375407","RAJA MUHAMMAD ALI SULTAN MEHMOOD","","019c18d5-62e1-7000-8000-000000000042","019c18d5-62e1-7000-8000-000000000003","3","False"
"01a0bf9d-e09b-72d6-8385-d12a486603a7","2374443006","عبده محمد ناجي الشمري","","","019c18d5-62e1-7000-8000-000000000003","3","False"
"01a0bf9d-e098-7691-9b4b-d16c3dbce8e9","2553008919","عارف ال اسلام","","","019c18d5-62e1-7000-8000-000000000003","3","False"
"01a0bf9d-e099-7068-9d7e-d170505cab20","2624833154","مد زكريا روسنا مجيب الحق","","","019c18d5-62e1-7000-8000-000000000003","3","False"
"01a0bf9d-e09f-7c6a-8264-d179de7139a0","2401211434","أونين أمجد أمجد علي","","","019c18d5-62e1-7000-8000-000000000003","3","False"
"01a0bf9d-e0a0-72b9-b25d-d1a1e5ddce83","2573861925","احمد ورداني صالح عبد الغفار","","","019c18d5-62e1-7000-8000-000000000003","3","False"
"01a09667-03d6-7619-9d91-d1a3f6648dab","2144810625","محمد ارشد محمد ناظير","","","019c18d5-62e1-7000-8000-000000000003","6","False"
"01a0bf9d-e09e-7499-9b83-d1b03220dc19","2527404707","ابراهيم محمد عبد الله بهنساوي","","","019c18d5-62e1-7000-8000-000000000003","3","False"
"01a0bf9d-e09c-782d-b2e5-d1d2238bf3ee","2566142291","محمد رفعت أوسين","","","019c18d5-62e1-7000-8000-000000000003","3","False"
"01a09667-03d3-708c-9b45-d1f9d745dcb0","2591985516","عبد الحميد مسلم محمد مسلم","","019c18d5-62e1-7000-8000-000000000042","019c18d5-62e1-7000-8000-000000000003","5","False"
"01a0f1aa-648a-7b5c-acf7-d2062e8a4a50","2545150043","نور محمد خان سوبان","","","019c18d5-62e1-7000-8000-000000000005","3","False"
"01a0bf9d-e09b-7fc9-99a6-d21a2cec6983","2604518072","محمد السيد علي غنيم","","","019c18d5-62e1-7000-8000-000000000003","3","False"
"01a0bf9d-e09d-7d2f-9b83-d2365bc430ea","2527282079","هشام نبيل احمد عماره","","","019c18d5-62e1-7000-8000-000000000003","3","False"
"01a0bf9d-e0a2-757f-b8f1-d285d2c822bd","2563406137","عبد المجيد احمد مطهر علي مونس","","","019c18d5-62e1-7000-8000-000000000003","3","False"
"01a09667-03ce-7b06-8f40-d28ac3c34a90","2609805110","كريم ربيع عبدالوهاب حسين احمد","","019c18d5-62e1-7000-8000-000000000041","019c18d5-62e1-7000-8000-000000000003","3","False"
"01a09667-03ca-7949-a621-d2b86a6baf2c","2565825235","MD AHAD GAJI SHANTO","","019c18d5-62e1-7000-8000-000000000041","019c18d5-62e1-7000-8000-000000000003","3","False"
"01a11711-2f53-7ba8-8b5e-d2ce7ce8a154","2581252604","محمود زكريا ابراهيم احمد","","","019c18d5-62e1-7000-8000-000000000003","3","False"
"01a09667-03d8-73eb-89e2-d2db3ca1a978","2592251801","MUHAMMAD WAQAS MUHAMMAD UMAR KHAN","","","019c18d5-62e1-7000-8000-000000000003","6","False"
"01a09667-03db-702b-94d5-d30d97440b47","2636655421","مد شكيب ميا","","019c18d5-62e1-7000-8000-000000000040","019c18d5-62e1-7000-8000-000000000005","3","False"
"01a0bf9d-e0a1-76a2-b728-d318467bd140","2417375058","معتصم يس صالح محمد","","","019c18d5-62e1-7000-8000-000000000003","3","False"
"01a0bf9d-e0a3-7b31-95de-d394303ecbf6","2626784520","علي حيدر غلام حيدر","","","019c18d5-62e1-7000-8000-000000000003","3","False"
"01a0edd6-bcbe-770e-a91e-d3bdb3800c0d","2608912883","مصطفي محمد اسماعيل","","","019c18d5-62e1-7000-8000-000000000003","3","False"
"01a09667-03d9-7026-9ffa-d3c4df74ce81","2639372966","ركيب اا حوسان","","019c18d5-62e1-7000-8000-000000000041","019c18d5-62e1-7000-8000-000000000003","7","False"
"01a09667-03d4-70c2-a576-d3cf0abad855","2597799051","انور محمد انور جمده","","019c18d5-62e1-7000-8000-000000000042","019c18d5-62e1-7000-8000-000000000003","3","False"
"01a0bf9d-e0a2-7879-938e-d4475f33a797","2137601551","محمد - - رحمن","","","019c18d5-62e1-7000-8000-000000000005","3","False"
"01a09667-03cb-7dce-8b65-d45b6bf0d1cd","2580392567","محمد محمود محمد عفيفي","","019c18d5-62e1-7000-8000-000000000041","019c18d5-62e1-7000-8000-000000000003","3","False"
"01a0bf9d-e09e-77e5-ace0-d46a14817060","2522439229","عمرو جمال احمد عتمان","","","019c18d5-62e1-7000-8000-000000000003","3","False"
"01a0bf9d-e0a2-7c7f-83c9-d46f6d83feaa","2633230970","احمد عبدالفتاح عبداللطيف محمد","","","019c18d5-62e1-7000-8000-000000000003","3","False"
"01a09667-03d5-7a54-838a-d495bfdd745e","2618019182","MD SALIM","","019c18d5-62e1-7000-8000-000000000042","019c18d5-62e1-7000-8000-000000000005","3","False"
"01a0bf9d-e09f-7878-aa78-d4a1d9711728","2024375889","فادي زكريا ابراهيم البطريخي","","","019c18d5-62e1-7000-8000-000000000003","3","False"
"01a09667-03c8-78e5-b42c-d4c034406383","2544361567","محمد جمعه عبدالحميد عويس","","019c18d5-62e1-7000-8000-000000000041","019c18d5-62e1-7000-8000-000000000003","3","False"
"01a09667-03d8-78e9-98f3-d4d569583927","2619359868","علاء خالد محمد السعيد","","","019c18d5-62e1-7000-8000-000000000005","6","False"
"01a0bf9d-e099-721b-911e-d52c9dcf177b","2576230177","محمد يحيى احمد البصل","","","019c18d5-62e1-7000-8000-000000000003","3","False"
"01a09667-03d9-7bbc-bbee-d5c03068e203","2522699293","محمد عاشور عبد التواب عبد المنعم","","","019c18d5-62e1-7000-8000-000000000003","6","False"
"01a09667-03d0-7099-a49c-d5cfc0b75a6c","2640405607","MD ASHRAFUL ISLAM RIFAT","","019c18d5-62e1-7000-8000-000000000041","019c18d5-62e1-7000-8000-000000000003","3","False"
"01a09667-03d4-7a7c-909e-d62dd770af6c","2598671838","MD SAJIB MIA","","019c18d5-62e1-7000-8000-000000000042","019c18d5-62e1-7000-8000-000000000003","3","False"
"01a0bf9d-e099-74fc-81ea-d67952fb1acf","2553689346","م د رسل مياه","","","019c18d5-62e1-7000-8000-000000000003","3","False"
"01a09667-03ca-7f20-9203-d6c43ab413e2","2567674011","محمد احمد محمد جعفر","","019c18d5-62e1-7000-8000-000000000041","019c18d5-62e1-7000-8000-000000000003","3","False"
"01a0bf9d-e0a5-7bdf-aea0-d710f717f126","2473493316","ديان عادل محمد علي مصلح","","","019c18d5-62e1-7000-8000-000000000003","3","False"
"01a0e746-13ab-7b56-9272-d7e084362c94","2607977416","هادي مصطفى إبراهيم عاشور","","","019c18d5-62e1-7000-8000-000000000003","3","False"
"01a09667-03cd-7150-861f-d7f6f8a8b822","2591952755","محمد ربيع بغدادي احمد","","019c18d5-62e1-7000-8000-000000000041","019c18d5-62e1-7000-8000-000000000003","3","False"
"01a0bf9d-e0a0-74c6-adf9-d7fadb930a70","2445986736","ابو الوفا صلاح الدين علي محمد","","","019c18d5-62e1-7000-8000-000000000003","3","False"
"01a09667-03d5-7fb5-b0eb-d815def2a997","2620868998","اسلام محمد حسنى ابراهيم","","019c18d5-62e1-7000-8000-000000000042","019c18d5-62e1-7000-8000-000000000003","3","False"
"01a0bf9d-e09f-73ad-9e2c-d822920446f7","2636475879","محمد جلال عبد اللاه محجوب","","","019c18d5-62e1-7000-8000-000000000003","3","False"
"01a0bf9d-e0a1-7179-a429-d8344843047f","2530243514","انعام منور منور حسين تبسم","","","019c18d5-62e1-7000-8000-000000000003","3","False"
"01a09667-03d0-7ea1-b988-d83f4fcce7b0","2481545180","MD ABU BAKKAR","","019c18d5-62e1-7000-8000-000000000042","019c18d5-62e1-7000-8000-000000000003","3","False"
"01a0bf9d-e09e-74c7-b9e4-d86353eab6a8","2353120476","رضا محمد حسین سالم","","","019c18d5-62e1-7000-8000-000000000003","3","False"
"01a0bf9d-e0a0-70f5-8ca6-d86fbd9fcac1","2494472513","فهد لطف محمد","","","019c18d5-62e1-7000-8000-000000000003","3","False"
"01a0bf9d-e098-7ada-9822-d874f333cd76","2564588628","أقبال حسين","","","019c18d5-62e1-7000-8000-000000000003","3","False"
"01a0bf9d-e09a-7399-89b9-d88c67bd31a5","2597050000","عبدالله ابراهيم عبدالله محمود","","","019c18d5-62e1-7000-8000-000000000003","3","False"
"01a0bf9d-e097-7154-8f94-d898b390ea1a","2540916943","محمد ذيشان بير بخش","","","019c18d5-62e1-7000-8000-000000000003","3","False"
"01a0bf9d-e09f-7c6c-9d71-d89cb821579e","2387214311","احمد محمد نصر عبداللطيف","","","019c18d5-62e1-7000-8000-000000000003","3","False"
"01a0f1b2-157a-7f6e-bca1-d8a87d45896f","2619995091","عماد حمدي زين احمد","","","019c18d5-62e1-7000-8000-000000000003","3","False"
"01a09667-03c9-7d01-85a6-d8f2da0387c3","2563494190","الحسين عبد الحميد عبد الحليم سعود","","019c18d5-62e1-7000-8000-000000000041","019c18d5-62e1-7000-8000-000000000005","3","False"
"01a0bf9d-e09f-7a76-94c1-d9033e447096","2580467518","محمد عربي عبد الحميد علي","","","019c18d5-62e1-7000-8000-000000000003","3","False"
"01a09667-03cc-7d2e-b3c5-d9a5dd746da6","2590889420","ABDUL KARIM","","019c18d5-62e1-7000-8000-000000000041","019c18d5-62e1-7000-8000-000000000003","3","False"
"01a0bf9d-e0a0-71cf-9405-d9e67c61fd10","2077584429","احمد محمد احمد سعيد الكثيري","","","019c18d5-62e1-7000-8000-000000000003","3","False"
"01a0bf9d-e09a-76ad-8dcd-da5fde4c83e5","2577479161","وليد عبدالرسول كامل","","","019c18d5-62e1-7000-8000-000000000003","3","False"
"01a0bf9d-e09f-70d0-9a9b-da8aedd988c6","2617284258","محمد محمد عبدالسلام فهمى","","","019c18d5-62e1-7000-8000-000000000003","3","False"
"01a09667-03c7-76a7-9994-dae5cef375f0","2471734224","THARSHAN VELUPILLAI GOPALASUNTHARAM","","019c18d5-62e1-7000-8000-000000000041","019c18d5-62e1-7000-8000-000000000003","3","False"
"01a09667-03d9-70f0-8320-db052f2f7213","2599909062","ابراهيم عبد الملاك ابراهيم كيرلس","","","019c18d5-62e1-7000-8000-000000000003","6","False"
"01a09667-03da-75ac-b8cb-db1a8653b37d","2633076621","amran mia","","","019c18d5-62e1-7000-8000-000000000003","6","False"
"01a09667-03c7-7a69-9e0a-db223272a32f","2476661265","احمد عبدالغفار محمد على","","019c18d5-62e1-7000-8000-000000000041","019c18d5-62e1-7000-8000-000000000003","3","False"
"01a0bf9d-e09d-7d74-be90-db32a485234d","2476596503","خالد محمد ربيع عبد المجيد","","","019c18d5-62e1-7000-8000-000000000003","3","False"
"01a0bf9d-e09f-7a90-bdb3-db5befd789ef","2440191530","عمر فاروق","","","019c18d5-62e1-7000-8000-000000000003","3","False"
"01a0bf9d-e099-714d-b54f-db6c41182cbb","2494605336","شاه جلال أبو ال خير","","","019c18d5-62e1-7000-8000-000000000003","3","False"
"01a0bf9d-e099-79be-8c0c-db86bffb7077","2600391029","ضياء خالد منصور","","","019c18d5-62e1-7000-8000-000000000005","3","False"
"01a0bf9d-e09b-7b50-b213-dbbdde5ab4d7","2557511561","ابراهيم دسوقي الطيب محمد","","","019c18d5-62e1-7000-8000-000000000003","3","False"
"01a09667-03cd-7e0d-979f-dbc8209a36a2","2592255851","MD ABDUL KAIYUM","","019c18d5-62e1-7000-8000-000000000041","019c18d5-62e1-7000-8000-000000000003","3","False"
"01a0bf9d-e0a5-7f4c-b243-dbdc72cf7a54","2510343631","حسام علي سيف محمد الحاج","","","019c18d5-62e1-7000-8000-000000000003","3","False"
"01a0bf9d-e0a3-7032-a592-dbed40b2d54b","2583609470","الحسين علي سيف محمد الحاج","","","019c18d5-62e1-7000-8000-000000000003","3","False"
"01a0bf9d-e09e-727a-9eaa-dc8b118ea954","2387884972","محمد احمد شحاته عقل","","","019c18d5-62e1-7000-8000-000000000003","3","False"
"01a0bf9d-e09c-73da-bdcb-dcd3ea49f8a6","2455421335","جلال سالم صالح لقلف","","","019c18d5-62e1-7000-8000-000000000003","3","False"
"01a0bf9d-e09a-7f73-b13a-dcea7179f128","2584078808","محمد عرفان محمد رياض","","","019c18d5-62e1-7000-8000-000000000003","3","False"
"01a09667-03ca-77c2-8bc3-dd3bf86bd24a","2577367507","FOYSAL RAJU MIA","","019c18d5-62e1-7000-8000-000000000041","019c18d5-62e1-7000-8000-000000000003","3","False"
"01a0bf9d-e09c-7500-b5bb-dd6ed7478598","2445601509","صغير يحيى عوض جباري","","","019c18d5-62e1-7000-8000-000000000003","3","False"
"01a0bf9d-e0a0-7742-ae5d-dd8d1c1070ba","2567667866","محمد عبد الحليم هلال عبد الحليم","","","019c18d5-62e1-7000-8000-000000000003","3","False"
"01a09667-03cf-7641-8dba-dd9090b33303","2623780448","اسامه محمود سيد محمد","","019c18d5-62e1-7000-8000-000000000041","019c18d5-62e1-7000-8000-000000000003","3","False"
"01a09667-03cd-709e-be4c-dda454b138f5","2595073780","احمد ابراهيم محمد على محمد","","019c18d5-62e1-7000-8000-000000000041","019c18d5-62e1-7000-8000-000000000003","5","False"
"01a0bf9d-e09b-75e1-8c1f-ddeab5a25797","2255503415","تميم محمد هائل الصوفي","","","019c18d5-62e1-7000-8000-000000000003","3","False"
"01a0bf9d-e098-793d-bc45-de6ec5f22dea","2615854169","محمد ميشال همايون كبير","","","019c18d5-62e1-7000-8000-000000000003","3","False"
"01a0f758-34ae-7c81-ad56-de7aa474d1f1","2596232799","طه محمد حمود البارده","","","019c18d5-62e1-7000-8000-000000000005","3","False"
"01a09667-03c7-7c33-b9db-de87235e5cb9","2512833282","مصطفى عبد الراضى محمد عصر","","019c18d5-62e1-7000-8000-000000000041","019c18d5-62e1-7000-8000-000000000003","3","False"
"01a0bf9d-e09a-7d15-8fa6-de931ec4e6d2","2605226576","عبدالفتاح انور عبدالفتاح جوده","","","019c18d5-62e1-7000-8000-000000000003","3","False"
"01a0bf9d-e098-7ed7-87bc-deb720ffbd0a","2260446501","ياسر محمد ابو المجد احمد","","","019c18d5-62e1-7000-8000-000000000003","3","False"
"01a0f1ac-2ee5-775e-9173-df153ebf879b","2627307941","محمد على محجوب جعفر","","","019c18d5-62e1-7000-8000-000000000003","3","False"
"01a0bf9d-e0a6-7306-b661-df2f0d01efae","2381958483","احمد سعد احمد شحاته","","","019c18d5-62e1-7000-8000-000000000003","3","False"
"01a0bf9d-e09c-76a2-88bd-df7acd96a33b","2575409186","اسامة الهادي بدوي عمر","","","019c18d5-62e1-7000-8000-000000000003","3","False"
"01a09667-03ce-7869-a577-df8185d51328","2608465098","بيشوى نادر نجيب فارس","","019c18d5-62e1-7000-8000-000000000041","019c18d5-62e1-7000-8000-000000000003","3","False"
"01a10c36-f271-7b53-9b57-dfb0679e2d2c","2564333868","اسلام عبدالباسط عبدالله محمود","","","019c18d5-62e1-7000-8000-000000000003","3","False"
"01a0bf9d-e09e-7f1a-94fe-dfbd6faf0f46","2539469961","محمد صلاح عبدالرحمن الجمل","","","019c18d5-62e1-7000-8000-000000000003","3","False"
"01a0bf9d-e09b-7f92-83e1-dfc9d0890a17","2561014990","احمد ياسر شحاته عبدالفتاح","","","019c18d5-62e1-7000-8000-000000000003","3","False"
"01a09667-03d1-78cc-ac85-e00ae521ffde","2531255582","YUSUF HOSSAIN","","019c18d5-62e1-7000-8000-000000000042","019c18d5-62e1-7000-8000-000000000003","3","False"
"01a10734-f2a1-7348-af48-e0140f6c09b5","2531355341","محمد عمر ابو الفتوح الشناوى","","","019c18d5-62e1-7000-8000-000000000003","3","False"
"01a0bf9d-e0a0-7586-b064-e030ab3d33b2","2515697577","فسلرهمن منكم فلي","","","019c18d5-62e1-7000-8000-000000000003","3","False"
"01a0bf9d-e09c-7297-af4a-e06efc7f82a1","2579145513","جمعه هلال السيد اسماعيل","","","019c18d5-62e1-7000-8000-000000000003","3","False"
"01a0bf9d-e09e-7c7e-aa00-e07c54677e4b","2177310824","صالح ادم","","","019c18d5-62e1-7000-8000-000000000003","3","False"
"01a0bf9d-e09e-77e9-b4b6-e0d6bff058dc","2299842407","عبدالعليم عبدالسلام سيف خالد","","","019c18d5-62e1-7000-8000-000000000003","3","False"
"01a0bf9d-e0a5-711d-b408-e0e57c272f54","2516838592","محمد توكير محمد اسلام","","","019c18d5-62e1-7000-8000-000000000003","3","False"
"a9428d50-d0ff-40e7-a94c-e113c9d4c800","2613235379","نيمال رحمن","","","","1","False"
"01a09667-03d8-75f9-99d5-e123c94418ec","2621094818","اسلام منصور مصطفي عيسي","","","019c18d5-62e1-7000-8000-000000000003","6","False"
"01a0bf9d-e09e-79d1-be73-e12a2f34a637","2342295934","طارق علي ناصر احمد العطافي","","","019c18d5-62e1-7000-8000-000000000003","3","False"
"01a0bf9d-e09b-7093-8581-e1ab7bb6ce9d","2560600120","مهدي احمد عبده حسن الاحمدي","","","019c18d5-62e1-7000-8000-000000000003","3","False"
"01a10c5b-e0c3-775a-8ec6-e1fd2b371846","2309847701","محمد كاسو يوسف","","","019c18d5-62e1-7000-8000-000000000003","3","False"
"01a09667-03d8-718f-8e5f-e20f4377907a","2594630622","محمد شعبان","","","019c18d5-62e1-7000-8000-000000000003","6","False"
"01a09667-03cd-7ddc-a342-e26b825b89a0","2599679244","عبدالرحمن نجيب عبدالقادر قاسم","","019c18d5-62e1-7000-8000-000000000041","019c18d5-62e1-7000-8000-000000000003","3","False"
"01a09667-03d5-7636-b37e-e27ed9d0ccba","2622291686","ابراهيم محمد عبد التواب السيد","","019c18d5-62e1-7000-8000-000000000042","019c18d5-62e1-7000-8000-000000000005","3","False"
"01a0bf9d-e0a5-7547-9baa-e29226d6c91d","2426442923","محمد كيش محمد صفق","","","019c18d5-62e1-7000-8000-000000000003","3","False"
"01a09667-03d2-78c1-899c-e2c08eef2356","2574897324","MD RAKIB","","019c18d5-62e1-7000-8000-000000000042","019c18d5-62e1-7000-8000-000000000003","3","False"
"01a0bf9d-e09b-7390-b7d1-e34fbe96ac6d","2267272918","عبد الفتاح مغوري محمد القصاص","","","019c18d5-62e1-7000-8000-000000000003","3","False"
"01a09667-03d2-784b-9ba3-e3bb65d167aa","2580424253","محمود ياسر احمد محمود","","019c18d5-62e1-7000-8000-000000000042","019c18d5-62e1-7000-8000-000000000003","3","False"
"01a09667-03d0-7949-a02a-e3f2e8251bcb","2500359027","رضا يوسف على يوسف","","019c18d5-62e1-7000-8000-000000000042","019c18d5-62e1-7000-8000-000000000003","3","False"
"01a0bf9d-e0a3-7ece-b9c0-e424b7697913","2578916450","جمال خان خان جمال","","","019c18d5-62e1-7000-8000-000000000003","3","False"
"01a0bf9d-e0a3-7c8c-9cf7-e456427f0c32","2638216628","شهزيب علي محمد حنيف رجا","","","019c18d5-62e1-7000-8000-000000000003","3","False"
"01a0bf9d-e0a6-76b2-a455-e482c47a1c8f","2160304511","فاروق احمد مانو مياه","","","019c18d5-62e1-7000-8000-000000000003","3","False"
"01a0bf9d-e098-7dd2-8a77-e4a811cfe52a","2446017036","محمد عمران","","","019c18d5-62e1-7000-8000-000000000003","3","False"
"01a0bf9d-e09e-7d99-9f3b-e4b84da8d70b","2555551254","نصر عادل شوعي علي مراد","","","019c18d5-62e1-7000-8000-000000000003","3","False"
"01a0bf9d-e09e-7e2d-b635-e4c05c870297","2607150022","طلال محمد حزام قاسم ثامر","","","019c18d5-62e1-7000-8000-000000000003","3","False"
"01a09667-03ce-71f8-a4fc-e4dedc74150b","2612975926","MD ZAKIR AHMED","","019c18d5-62e1-7000-8000-000000000041","019c18d5-62e1-7000-8000-000000000003","3","False"
"01a0f815-2d55-76a9-89f2-e4e9e33cc2ca","2633527268","مصطفى رفاعي على احمد","","","019c18d5-62e1-7000-8000-000000000003","3","False"
"01a0bf9d-e0a3-72ad-823f-e51ccd8e356b","2627146620","محمد مدثر محمد عطا","","","019c18d5-62e1-7000-8000-000000000003","3","False"
"01a09667-03cd-7f32-acff-e52fbe537527","2591952474","عبد السلام سلطان عبد المالك عبد النبي","","019c18d5-62e1-7000-8000-000000000041","019c18d5-62e1-7000-8000-000000000003","3","False"
"01a0bf9d-e09e-7f8d-9f8a-e5431de49ab0","2473405716","محمود ميرغني محمد محمد عثمان","","","019c18d5-62e1-7000-8000-000000000003","3","False"
"01a0f19b-224f-7f46-b8c2-e54b0b050f7d","2561219672","بسام ناصر سعيد عبدالغنى","","","019c18d5-62e1-7000-8000-000000000003","3","False"
"01a0bf9d-e09e-7955-b546-e565d9703f3c","2616735375","هنائي محمد مراد احمد","","","019c18d5-62e1-7000-8000-000000000003","3","False"
"01a09667-03d2-7fcf-a86d-e5837f66122d","2581764517","MD KASEM","","019c18d5-62e1-7000-8000-000000000042","019c18d5-62e1-7000-8000-000000000003","3","False"
"01a0bf9d-e0a6-775d-ba65-e590de1e7fc5","2180006187","توفيق عبدالله سعد سكندر","","","019c18d5-62e1-7000-8000-000000000003","3","False"
"01a0bff0-95eb-70a6-acf8-e59945692691","2637594967","أحمد مصطفى عبدالعليم مصطفى","","","019c18d5-62e1-7000-8000-000000000003","3","False"
"01a0bf9d-e0a5-76e6-b8a3-e59edac6ed2d","2501384982","حسن احمد محمد صالح","","","019c18d5-62e1-7000-8000-000000000003","3","False"
"01a0bf9d-e099-7a68-9218-e5d7ed77592d","2128954217","عبدي سراج - محمد نور","","","019c18d5-62e1-7000-8000-000000000003","3","False"
"01a0bf9d-e09a-799b-9654-e5e4eb1994f4","2545493385","محفوظ حسين مريضه","","","019c18d5-62e1-7000-8000-000000000003","3","False"
"01a09667-03da-7609-bebe-e60116167dc0","2627732957","محمد جمعه عبدالرحمن شلبى","","","019c18d5-62e1-7000-8000-000000000003","6","False"
"01a0bf9d-e0a4-73ac-92f2-e60b7caa10db","2550042564","عمار محمد إبراهيم شعبان","","","019c18d5-62e1-7000-8000-000000000003","3","False"
"01a0ec99-fe77-7074-bf18-e611583af857","2544042456","منيب احمد محمد خان","","","019c18d5-62e1-7000-8000-000000000003","3","False"
"01a0bf9d-e0a0-77d9-aff7-e62160734338","2555485867","ياسين ابراهيم ادريس","","","019c18d5-62e1-7000-8000-000000000003","3","False"
"01a09667-03da-7d51-8b87-e6228884e626","2630314660","Md Abdullah Al Hasan","","","019c18d5-62e1-7000-8000-000000000003","6","False"
"01a0bf9d-e0a1-75fe-be18-e62fc97844c2","2623188535","محمد عارف محمد ابراهيم","","","019c18d5-62e1-7000-8000-000000000003","3","False"
"01a0bf9d-e09d-7b71-a964-e64426b99c80","2362564383","مجدى محمد عبدالسلام حسن","","","019c18d5-62e1-7000-8000-000000000003","3","False"
"01a0bf9d-e0a3-7f2c-bd24-e649e0340ce2","2575729971","محمد محمود محمد رزق","","","019c18d5-62e1-7000-8000-000000000003","3","False"
"01a0bf9d-e09d-72c4-a31d-e64df5900374","2574187288","احمد محمد جابر جاد","","","019c18d5-62e1-7000-8000-000000000003","3","False"
"01a0bf9d-e09c-702a-9f0c-e66fa86d8c6d","2560429660","ناصر محمود احمد مصطفي","","","019c18d5-62e1-7000-8000-000000000003","3","False"
"35457eac-5786-4a3b-af56-e69d9be1ba46","2576994335","خالد عماد عكاشه اسماعيل","","","","1","False"
"01a0bf9d-e09e-7bbe-878f-e6cc2ac535e2","2553505179","صلاح الدين محمد احمد علي","","","019c18d5-62e1-7000-8000-000000000003","3","False"
"01a0bf9d-e09e-7a81-b464-e6d748c29cf8","2590824559","وليد حسن عبدالرحمن عبدالرحمن","","","019c18d5-62e1-7000-8000-000000000005","3","False"
"01a09667-03d0-71a3-afe3-e70eef31e37f","2200057392","ممدوح سالم عبدالوهاب خليفه","","019c18d5-62e1-7000-8000-000000000042","019c18d5-62e1-7000-8000-000000000003","3","False"
"01a0bf9d-e09b-7265-afdd-e732a012772c","2581790843","عادل عمر احمد حبيب","","","019c18d5-62e1-7000-8000-000000000003","3","False"
"01a09667-03d6-742f-806b-e73cbd475920","2623781321","احمد محمد نجيب شلبى","","019c18d5-62e1-7000-8000-000000000042","019c18d5-62e1-7000-8000-000000000005","3","False"
"01a0bf9d-e09a-7817-8da9-e745a26c9d0c","2594749901","احمد سامى احمد المصيلحى","","","019c18d5-62e1-7000-8000-000000000003","3","False"
"01a09667-03cf-7cef-b8e3-e762e39a858b","2639777610","MD SHAKHAWAT HOSSAIN","","019c18d5-62e1-7000-8000-000000000041","019c18d5-62e1-7000-8000-000000000003","3","False"
"01a1072e-0469-7eab-a122-e7883b26e3a1","2476371556","خالد ادم يحي ابراهيم","","","019c18d5-62e1-7000-8000-000000000003","3","False"
"01a0bf9d-e09e-754d-aabc-e78b687f8289","2607506645","مصطفي الشحات هاشم ابوطراد","","","019c18d5-62e1-7000-8000-000000000003","3","False"
"01a10c55-4ba1-7afd-b3e1-e7c0fb894533","2599942576","بسام كمال سيف محمد","","","019c18d5-62e1-7000-8000-000000000003","3","False"
"01a0bf9d-e09c-71be-91ac-e7c112beea07","2442180655","محمد علي محمد سعد","","","019c18d5-62e1-7000-8000-000000000003","3","False"
"01a0bf9d-e0a5-7cb0-bfb1-e7e9974f0b98","2510704550","عمر عبدالله سالم عبد الله الوصابي","","","019c18d5-62e1-7000-8000-000000000003","3","False"
"01a09667-03c8-75a4-9954-e7eac2b83df8","2517672024","MD THOBAROK HUSHEN","","019c18d5-62e1-7000-8000-000000000041","019c18d5-62e1-7000-8000-000000000003","3","False"
"01a09667-03d7-74e3-8411-e81631a9eacb","2561010998","علي احمد علي محمد الذماري","","","019c18d5-62e1-7000-8000-000000000003","6","False"
"01a0bf9d-e0a2-7fb3-a620-e848f9bcf35e","2500571001","اسامة محمد شوعى حلبه","","","019c18d5-62e1-7000-8000-000000000003","3","False"
"01a0bf9d-e09f-7826-9ca9-e84a05227849","2631012008","محمد نافيد محمد عبد الوحيد","","","019c18d5-62e1-7000-8000-000000000005","3","False"
"01a0bf9d-e09d-724e-bebf-e85d32082332","2333191696","عماد الدين ناصف سليمان احمد ابو حي","","","019c18d5-62e1-7000-8000-000000000003","3","False"
"01a11648-5134-737e-888e-e86950660dec","2468391095","عادل اشرف شحاته شحاته","","","019c18d5-62e1-7000-8000-000000000003","3","False"
"01a0bf9d-e0a4-7a2a-ad86-e871790b812d","2566975286","محمد اسعد محمد","","","019c18d5-62e1-7000-8000-000000000003","3","False"
"01a09667-03d9-7818-8771-e892ad655664","2599679483","محمد جمال عبدالموجود على","","019c18d5-62e1-7000-8000-000000000041","019c18d5-62e1-7000-8000-000000000005","6","False"
"01a0bf9d-e0a6-7562-bde8-e91312262309","2194026965","شفيضالاسلام - - سمير الدين","","","019c18d5-62e1-7000-8000-000000000003","3","False"
"01a09667-03d1-7092-bb43-e92082a52573","2551092097","MD ANWER HOSIN","","019c18d5-62e1-7000-8000-000000000042","019c18d5-62e1-7000-8000-000000000003","3","False"
"01a09667-03db-74d4-82d7-e9a929384b06","2633076662","md masud","","019c18d5-62e1-7000-8000-000000000040","019c18d5-62e1-7000-8000-000000000005","3","False"
"01a09667-03da-7aa9-a1f0-e9ba1ee6ed71","2629565553","مصطفى السيد عطيه البرهيمي","","","019c18d5-62e1-7000-8000-000000000005","6","False"
"01a0f853-f41f-7035-9f3c-e9c1051c67d5","2617815564","بدر ابوزيد محمد ابوزيد","","","019c18d5-62e1-7000-8000-000000000003","3","False"
"01a0bf9d-e0a3-799b-bff6-ea19e203849f","2576938480","محمد ارشد – اكبر علي","","","019c18d5-62e1-7000-8000-000000000003","3","False"
"01a0bf9d-e098-7229-8afa-ea1f1763c92b","2629897659","محمد اكرام غلام محمد","","","019c18d5-62e1-7000-8000-000000000005","3","False"
"01a0bf9d-e09d-7f89-8f27-ea2d56ec3004","2585287085","عمر ابراهيم عبد الباقي ابراهيم","","","019c18d5-62e1-7000-8000-000000000003","3","False"
"01a09667-03d3-7d30-96df-ea76fb493e40","2592738195","ROKY MIA","","019c18d5-62e1-7000-8000-000000000042","019c18d5-62e1-7000-8000-000000000003","3","False"
"01a09667-03d5-78c6-888d-eae4d50d9607","2619269471","عبدالله سيد عبدالله عبدالحميد","","019c18d5-62e1-7000-8000-000000000042","019c18d5-62e1-7000-8000-000000000003","3","False"
"01a0bf9d-e0a5-708e-8876-eb09f3a04181","2455004859","محمد سالم احمد العمودي","","","019c18d5-62e1-7000-8000-000000000003","3","False"
"25c0c41f-7df6-48da-9060-eb195727603f","2556444491","عبدال احد احد عبدال","","","","1","False"
"01a0bf9d-e09c-7ad3-9738-eb1a73d71bff","2290438064","محمد عاطف عبد المقصود شعله","","","019c18d5-62e1-7000-8000-000000000003","3","False"
"01a09667-03d8-7416-ac12-eba47baff2e7","2621321310","محمد صلاح عثمان احمد","","","019c18d5-62e1-7000-8000-000000000005","6","False"
"01a1118f-218d-7a04-b1c9-ebb0dd315deb","2464941919","محمد سنان عبدالحميد الصمدي","","","019c18d5-62e1-7000-8000-000000000003","3","False"
"01a0bf9d-e0a3-757f-98dc-ebc531782b1e","2529193084","محمد ريان الدين","","","019c18d5-62e1-7000-8000-000000000005","3","False"
"01a09667-03d1-7f89-af9e-ebd2ec4114ff","2527406538","محمد عبد الفتاح محمد عبد المنعم","","019c18d5-62e1-7000-8000-000000000042","019c18d5-62e1-7000-8000-000000000003","3","False"
"01a0bf9d-e09b-7489-ac65-ebe1503a70da","2264100013","عمرو بسيونى على ابراهيم","","","019c18d5-62e1-7000-8000-000000000003","3","False"
"01a0bf9d-e0a0-72fb-8772-ec192a887c8a","2106095157","طارق ذياد ميلاد","","","019c18d5-62e1-7000-8000-000000000003","3","False"
"01a0bf9d-e09c-75a5-b309-ec39a730ef69","2502681675","وهب الله الطيب النوراني محمد","","","019c18d5-62e1-7000-8000-000000000003","3","False"
"01a11589-e540-7560-8a77-ec3b19cd31ec","2510779115","بكيل احمد حزام يحيى الجعري","","","019c18d5-62e1-7000-8000-000000000003","3","False"
"01a0bf9d-e098-78c9-a54b-ecee67c6f9f3","2454742699","صالح فرحان مسعد التويتي","","","019c18d5-62e1-7000-8000-000000000003","3","False"
"01a0f1ad-3ae0-7f37-92b2-ed3ab4b522aa","2606580401","احمد عزت محمد حنفى","","","019c18d5-62e1-7000-8000-000000000003","3","False"
"01a09667-03c9-738d-b5f8-ed74fc4e52c7","2556117972","احمد محمد عبد العال حسانين","","019c18d5-62e1-7000-8000-000000000041","019c18d5-62e1-7000-8000-000000000003","3","False"
"01a09667-03d5-71fc-9b3f-ed9181469201","2619451707","ياسر عطا احمد محمد","","019c18d5-62e1-7000-8000-000000000042","019c18d5-62e1-7000-8000-000000000005","3","False"
"01a10c6c-e3fb-7387-8f7b-edee0aa1d14f","2628739373","محمد جيفير نمي جنيد","","","019c18d5-62e1-7000-8000-000000000003","3","False"
"01a0f258-26cc-7bcc-a630-edf3b703f71f","2535272062","عبد الرحمن فوزى عبد الحميد صقر","","","019c18d5-62e1-7000-8000-000000000005","3","False"
"01a0bf9d-e09c-7626-995a-ee08995dc939","2392634222","وليد الخير العجب ابراهيم","","","019c18d5-62e1-7000-8000-000000000003","3","False"
"01a0bf9d-e09a-7687-a702-ee0af2999bec","2480266200","خالد محمد ادم عبدالله","","","019c18d5-62e1-7000-8000-000000000003","3","False"
"01a0f662-dc00-77ae-b511-ee4a246c7ff7","2643527589","طارق احمد رمضان رياض","","","019c18d5-62e1-7000-8000-000000000005","3","False"
"01a0bf9d-e0a1-717b-b924-ee4b7dce74b2","2592779546","محمد سامى سيد محمد","","","019c18d5-62e1-7000-8000-000000000003","3","False"
"01a09667-03cb-77c8-a8e2-ee56dc26bca8","2577794361","هشام عزت السعيد احمد","","019c18d5-62e1-7000-8000-000000000041","019c18d5-62e1-7000-8000-000000000003","3","False"
"01a09667-03c6-775c-837f-ee62f304ef1c","2430010302","MOHAMMAD YEASIN","","019c18d5-62e1-7000-8000-000000000041","019c18d5-62e1-7000-8000-000000000003","5","False"
"01a0bf9d-e0a5-70d6-a4fd-ee68c5ab0840","2484748898","سيف ال اسلام محمد بابول ميا","","","019c18d5-62e1-7000-8000-000000000003","3","False"
"01a10b3c-edaf-7dce-b3fd-ee821cb0dbf1","2461084192","فيصل نمر حسن نمر","","","019c18d5-62e1-7000-8000-000000000003","3","False"
"01a0bf9d-e09d-7447-b990-ee8ecf1a642e","2588366548","احمد ماهر عبدالكريم عبدالرازق","","","019c18d5-62e1-7000-8000-000000000003","3","False"
"01a0bf9d-e09c-7e40-a72a-eeca97d0d235","2552022648","هاني محمد عبدالفتاح يوسف","","","019c18d5-62e1-7000-8000-000000000003","3","False"
"01a0bf9d-e0a5-73c0-8e56-eedba1c2a21a","2493115683","مأمون ال الرشيد","","","019c18d5-62e1-7000-8000-000000000003","3","False"
"01a09667-03cc-72a5-ad8a-eedbf5e30dd7","2591323973","حسان قاسم حمزه قاسم","","019c18d5-62e1-7000-8000-000000000041","019c18d5-62e1-7000-8000-000000000003","3","False"
"01a0bf9d-e09d-75b2-b471-eeea9e467a72","2411078013","محمد سالم محمد سليمان","","","019c18d5-62e1-7000-8000-000000000003","3","False"
"01a0bf9d-e0a5-74c6-a735-ef17cbd1335a","2473101745","السيد السيد عباس","","","019c18d5-62e1-7000-8000-000000000003","3","False"
"01a0bf9d-e098-709c-903d-ef288da48944","2348731627","وسيم عباس محمد رمضان","","","019c18d5-62e1-7000-8000-000000000003","3","False"
"01a0f19e-a423-787c-8c2e-ef54ccd494f7","2496439130","المجير حسين","","","019c18d5-62e1-7000-8000-000000000003","3","False"
"01a0bf9d-e0a1-74dd-b3dc-ef99819245aa","2618210724","محمد عبدالله الشحات على","","","019c18d5-62e1-7000-8000-000000000003","3","False"
"01a0bf9d-e0a4-794a-8a90-efb9eec500ab","2544857929","محمد سالم محمد سالم","","","019c18d5-62e1-7000-8000-000000000003","3","False"
"01a09667-03d7-7006-a155-f05d5e753ff1","2541279051","محمد الاسمر السعيد الجندي","","","019c18d5-62e1-7000-8000-000000000003","6","False"
"01a0bf9d-e0a0-7330-86ce-f0ae888a00e9","2478308154","عوض عبدالله سعد الله عطيه","","","019c18d5-62e1-7000-8000-000000000003","3","False"
"01a0bf9d-e09e-7ee3-b20d-f0b63317cf00","2319865818","علي محمد احمد","","","019c18d5-62e1-7000-8000-000000000003","3","False"
"01a0bf9d-e098-7dbd-94b3-f0bfdf63da6f","2623088610","محمد السيد علي احمد","","","019c18d5-62e1-7000-8000-000000000003","3","False"
"01a0bf9d-e09b-77ce-b034-f11d38519be1","2595574985","احمد سيد احمد زكير","","","019c18d5-62e1-7000-8000-000000000003","3","False"
"01a0bf9d-e0a5-703f-b614-f13950f9135d","2423393640","نصير احمد غلام مصطفي","","","019c18d5-62e1-7000-8000-000000000003","3","False"
"01a09667-03d7-7f98-9cdc-f14a3af14db5","2557894298","مهاب على سعد عبدالعليم","","","019c18d5-62e1-7000-8000-000000000005","6","False"
"01a0bf9d-e0a3-73ab-b4e0-f179bd6736de","2616329757","محمد محبوب محبوب محمد","","","019c18d5-62e1-7000-8000-000000000003","3","False"
"01a0bf9d-e0a1-71ab-87f7-f1b5c704eb85","2378413948","اسكندر امين محمد قاسم العزاني","","","019c18d5-62e1-7000-8000-000000000003","3","False"
"01a0bf9d-e09a-7a07-b689-f1e445847ca2","2250350200","احمد محمد احمد حكمي","","","019c18d5-62e1-7000-8000-000000000003","3","False"
"01a0bf9d-e09c-7a72-84af-f1f477e8742d","2278757618","عوض عباس السعيد حسن","","","019c18d5-62e1-7000-8000-000000000003","3","False"
"01a0f19a-7a04-7fb8-b219-f210b4ebf02c","2320114669","نصار احمد سوهراب موجودی","","","019c18d5-62e1-7000-8000-000000000003","3","False"
"01a09667-03cc-7a4b-822c-f25e78b4aad0","2589845748","MD RASEL MIA","","019c18d5-62e1-7000-8000-000000000041","019c18d5-62e1-7000-8000-000000000003","3","False"
"01a0bf9d-e09a-778a-b805-f2ae2150a264","2588367090","مؤمن محمد ابراهيم خليفه","","","019c18d5-62e1-7000-8000-000000000003","3","False"
"01a09667-03c8-7868-a273-f2eeb64660fd","2528772920","MD RAYHEN ISLAM","","019c18d5-62e1-7000-8000-000000000041","019c18d5-62e1-7000-8000-000000000003","3","False"
"01a0bf9d-e0a3-7e99-b251-f2fa99288ff4","2607914005","فياز خان مصطفى خان جفر خان","","","019c18d5-62e1-7000-8000-000000000003","3","False"
"01a0bf9d-e09b-7c07-b412-f2fd8d37f77a","2497561882","ايهاب محمد ثابت","","","019c18d5-62e1-7000-8000-000000000003","3","False"
"01a09667-03d1-7239-9834-f310ea69631c","2560597839","محمود كمال عيسى عبد الحافظ","","019c18d5-62e1-7000-8000-000000000042","019c18d5-62e1-7000-8000-000000000003","3","False"
"01a0bf9d-e0a0-7b04-8bab-f31de5d3a127","2613832779","عبد الرحمن غزالي عباس","","","019c18d5-62e1-7000-8000-000000000003","3","False"
"01a09667-03cb-79bb-b951-f369bed6275c","2583907734","MD NAEEM","","019c18d5-62e1-7000-8000-000000000041","019c18d5-62e1-7000-8000-000000000003","3","False"
"01a0bf9d-e098-7819-abef-f3b75f05a161","2589480272","عمارياسر شتا محمود","","","019c18d5-62e1-7000-8000-000000000003","3","False"
"01a0bf9d-e09f-7293-aee1-f3c268eeb21f","2567514316","محمود احمد جلال مجاهد","","","019c18d5-62e1-7000-8000-000000000003","3","False"
"01a0bf9d-e099-7021-8725-f3cce3da50ec","2565818149","عبدلاه منصور محمد","","","019c18d5-62e1-7000-8000-000000000005","3","False"
"01a0f261-e088-7ed6-afbb-f3db52950f54","2639021514","ابراهيم محمد جمعه زعلوك","","","019c18d5-62e1-7000-8000-000000000003","3","False"
"01a0bf9d-e0a6-79cf-87cc-f3de8e3730eb","2310693516","شكور احمد جبريل","","","019c18d5-62e1-7000-8000-000000000003","3","False"
"01a10b74-7ddb-7636-9980-f418260ddcaf","2572938989","محمد عدنان عاشق محمد","","","019c18d5-62e1-7000-8000-000000000003","3","False"
"01a0bf9d-e0a7-716c-8ffc-f430c088b98a","2501255828","احمد صادق احمد محسن","","","019c18d5-62e1-7000-8000-000000000005","3","False"
"01a0bf9d-e09a-7451-b3f6-f455e95b7b26","2563701875","محمد نور فؤاد خليل","","","019c18d5-62e1-7000-8000-000000000003","3","False"
"01a09667-03cc-7d7a-bb79-f4ac3ead00ce","2591566365","حماده على مرعى سليمان","","019c18d5-62e1-7000-8000-000000000041","019c18d5-62e1-7000-8000-000000000003","3","False"
"01a0bf9d-e0a1-7ca9-aa0d-f4c74766e021","2452226828","سعيد حسن جابر مندى","","","019c18d5-62e1-7000-8000-000000000003","3","False"
"01a0bf9d-e0a2-75e0-9f82-f4c8eecd2854","2608537045","رجب حسني قناوي فراج","","","019c18d5-62e1-7000-8000-000000000005","3","False"
"01a0bf9d-e0a5-705d-b72f-f4ca81931883","2489971925","أورنجزيب عباسي نوشاد احمد خان","","","019c18d5-62e1-7000-8000-000000000003","3","False"
"01a0bf9d-e098-7a95-b566-f4f160ab3f71","2609238106","مهدي حسن","","","019c18d5-62e1-7000-8000-000000000003","3","False"
"01a09667-03c7-7de8-bbc0-f4fba64147a8","2496941606","MOHAMMAD MARPOT ULLAH EMON","","019c18d5-62e1-7000-8000-000000000041","019c18d5-62e1-7000-8000-000000000003","3","False"
"01a0bf9d-e0a2-7cbc-83d5-f529ded83fbe","2505966172","محمد عبده راشد احمد الموجرى","","","019c18d5-62e1-7000-8000-000000000005","3","False"
"01a0bf9d-e098-7bb9-8f69-f52a40bbf2ff","2538571460","محمد عبد الرحيم محمد عبد الوهاب الفودعي","","","019c18d5-62e1-7000-8000-000000000003","3","False"
"01a09667-03d3-7ef7-bd00-f53bb1fbec3f","2587956117","احمد علي محمد عثمان","","019c18d5-62e1-7000-8000-000000000042","019c18d5-62e1-7000-8000-000000000003","3","False"
"01a0bf9d-e09d-7b0f-bacc-f55fde9894d3","2612393369","محمود محمد فريز طلبه","","","019c18d5-62e1-7000-8000-000000000003","3","False"
"01a0bf9d-e09b-71c0-98b8-f572aad84f7a","2584892695","ياسر عرفه عبد الله","","","019c18d5-62e1-7000-8000-000000000003","3","False"
"01a09667-03ce-7ac9-b094-f57e06cada0a","2606047062","ايمن عبدالمعطى ابراهيم محمد","","019c18d5-62e1-7000-8000-000000000041","019c18d5-62e1-7000-8000-000000000003","3","False"
"01a0bf9d-e09f-7c08-96e3-f5aeb47f512f","2316731799","عبد القادر عثمان الأمين عثمان","","","019c18d5-62e1-7000-8000-000000000003","3","False"
"01a0f84e-3176-72d7-8a65-f5cef7a78875","2604657706","محمد كوثر محمد احمد","","","019c18d5-62e1-7000-8000-000000000003","3","False"
"01a0bf9d-e09e-7ef4-b204-f5d3bd38ac20","2495557437","صادق احمد حسن صالح","","","019c18d5-62e1-7000-8000-000000000003","3","False"
"01a0f22d-3291-7639-81e2-f5f1b88b7d1d","2602296028","احمد عصام فراج عبد الوهاب","","","019c18d5-62e1-7000-8000-000000000003","3","False"
"01a09667-03cf-78fd-bb45-f5fdbbef5fb4","2623790736","احمد رجب سيد مرعى","","019c18d5-62e1-7000-8000-000000000041","019c18d5-62e1-7000-8000-000000000005","3","False"
"01a0bf9d-e09f-7810-a67c-f606d6452c7a","2606418578","عمر ادريس محمد عثمان ابراهيم","","","019c18d5-62e1-7000-8000-000000000003","3","False"
"01a09667-03d8-7ead-a2b7-f64a8a508f0b","2620882908","محمد احمد عبد المجيد القطرى","","","019c18d5-62e1-7000-8000-000000000003","6","False"
"01a0bf9d-e09e-7d8a-b5fb-f677bf475177","2529819308","انيب محمد يونس","","","019c18d5-62e1-7000-8000-000000000003","3","False"
"01a09667-03d5-721c-9ea9-f68420303cc8","2620593968","محمد عبدالنبى نبوى جابر","","019c18d5-62e1-7000-8000-000000000042","019c18d5-62e1-7000-8000-000000000005","5","False"
"01a09667-03cf-7ed5-b246-f6e36a16c261","2621361480","حسن مصطفى محمد حسن","","019c18d5-62e1-7000-8000-000000000041","019c18d5-62e1-7000-8000-000000000003","8","False"
"01a0bf9d-e099-7e15-be93-f6fa64383bed","2539261772","عمار مسعد قايد الطريقي","","","019c18d5-62e1-7000-8000-000000000003","3","False"
"01a0bf9d-e0a4-7950-ac01-f70e191d71f0","2533760084","محمد شهزاد لطيف محمد لطيف","","","019c18d5-62e1-7000-8000-000000000003","3","False"
"01a09667-03d6-76be-8f50-f7469a667626","2624498321","امير بدر محمد محمود","","019c18d5-62e1-7000-8000-000000000042","019c18d5-62e1-7000-8000-000000000005","3","False"
"01a0bf9d-e09c-7d02-9ce1-f75592cd8b3f","2200455687","محمد احمد حسين رجب","","","019c18d5-62e1-7000-8000-000000000003","3","False"
"01a0bf9d-e099-7de3-ba39-f7559f7653e8","2614153761","محسن حسن","","","019c18d5-62e1-7000-8000-000000000003","3","False"
"01a0ee04-0160-7304-953d-f7c74b873e8d","2608133266","محمد عزيز فايد عزيز الغضب","","","019c18d5-62e1-7000-8000-000000000003","3","False"
"01a10b73-be5e-7f6a-946d-f7e80c5c843c","2503409845","فؤاد محمد علي مساوى جغمان","","","019c18d5-62e1-7000-8000-000000000003","3","False"
"01a0bf9d-e09b-73ea-b6eb-f81480088769","2560426443","احمد هلال محمد عثمان","","","019c18d5-62e1-7000-8000-000000000003","3","False"
"01a09667-03c8-7119-9685-f827e0802a4a","2531511265","عبدالحميد عادل محمود ابراهيم","","019c18d5-62e1-7000-8000-000000000041","019c18d5-62e1-7000-8000-000000000003","3","False"
"01a09667-03d4-78aa-8e05-f851b86d8d79","2605750997","MD JEDNE HSSAIN","","019c18d5-62e1-7000-8000-000000000042","019c18d5-62e1-7000-8000-000000000003","3","False"
"01a09667-03d8-7eb5-8740-f85ec243c2d1","2614530877","وسيم خان محمد قاسم خان","","","019c18d5-62e1-7000-8000-000000000003","6","False"
"01a09667-03c8-7545-8069-f87d2191177f","2527203737","محمد رضا رمضان صالح","","019c18d5-62e1-7000-8000-000000000041","019c18d5-62e1-7000-8000-000000000003","3","False"
"01a0bf9d-e09e-7615-b586-f8c5e3014259","2418708117","مصطفي حسين السيد صادق","","","019c18d5-62e1-7000-8000-000000000003","3","False"
"01a0bf9d-e0a1-7638-85d5-f8d9d1864554","2339864379","عبد القادر طه سعيد","","","019c18d5-62e1-7000-8000-000000000003","3","False"
"01a0bf9d-e098-74bb-a9d5-f8e813ab7a84","2601861491","مد سلمان مد سلمان","","","019c18d5-62e1-7000-8000-000000000003","3","False"
"01a0bf9d-e09f-776d-936b-f8ebb482e48a","2312144419","عبد الباري غزالي خضير","","","019c18d5-62e1-7000-8000-000000000003","3","False"
"01a0bf9d-e09d-7865-9f57-f90bc49a44a6","2578209022","محمد عبد الفتاح حلمى عبد الفتاح","","","019c18d5-62e1-7000-8000-000000000003","3","False"
"01a0bf9d-e0a1-7bc1-ae9e-f952a6de1dcb","2280624459","احمد موسى محمد","","","019c18d5-62e1-7000-8000-000000000003","3","False"
"01a09667-03ca-746f-8389-f9a8c18ac495","2565620776","MOHAMED THALIB SALAMDEEN","","019c18d5-62e1-7000-8000-000000000041","019c18d5-62e1-7000-8000-000000000003","3","False"
"01a0bf9d-e0a5-76c8-87dc-f9e1535d0fc1","2496067360","عبدالله محمد عثمان موسي","","","019c18d5-62e1-7000-8000-000000000003","3","False"
"01a0bf9d-e0a5-7384-9bc6-f9f06fa8a727","2456944384","محمد ال مأمون مد","","","019c18d5-62e1-7000-8000-000000000003","3","False"
"01a09667-03d9-7641-976b-f9f960876161","2593217553","شميم اوسين","","","019c18d5-62e1-7000-8000-000000000003","6","False"
"01a0bf9d-e0a5-7e37-9e1a-fa0b0a89dcd0","2516566730","بختيار علي شاه الياقت علي شاه","","","019c18d5-62e1-7000-8000-000000000003","3","False"
"01a09667-03d1-7a22-a21e-fa0d9af866dc","2564289847","مؤمن عبده احمد محمد","","019c18d5-62e1-7000-8000-000000000042","019c18d5-62e1-7000-8000-000000000005","3","False"
"01a0bf9d-e0a3-75cd-91c4-fa156445c2f0","2609697558","محمد جامشيد منصور احمد","","","019c18d5-62e1-7000-8000-000000000003","3","False"
"01a09667-03ca-720b-ae96-fa372de4dfe5","2571262589","محمد مختار اسماعيل يوسف","","019c18d5-62e1-7000-8000-000000000041","019c18d5-62e1-7000-8000-000000000003","3","False"
"01a0bf9d-e0a1-70c3-b068-fa374baa2bca","2488466398","علاء محمد يوسف على","","","019c18d5-62e1-7000-8000-000000000003","3","False"
"01a09667-03ce-7f72-86f0-fa4231433505","2603760543","MD NAZIM UDDIN","","019c18d5-62e1-7000-8000-000000000041","019c18d5-62e1-7000-8000-000000000003","3","False"
"01a0bf9d-e0a3-7099-8d11-fa546a0072a4","2578580280","اسد الله عظمت عظمت الهي","","","019c18d5-62e1-7000-8000-000000000003","3","False"
"01a0bf9d-e0a5-7327-8826-fa62b4d32a83","2511797637","عبدالقيوم أنصاري","","","019c18d5-62e1-7000-8000-000000000003","3","False"
"01a09667-03d2-7929-ab16-faa934f88bce","2570564845","ABID HUSSAIN GHULAM MURTAZA","","019c18d5-62e1-7000-8000-000000000042","019c18d5-62e1-7000-8000-000000000003","3","False"
"01a09667-03cb-7fdb-923e-facd09a2d7ac","2584127175","ABUL HOSSEN","","019c18d5-62e1-7000-8000-000000000041","019c18d5-62e1-7000-8000-000000000003","3","False"
"01a0bf9d-e09c-704c-a76d-faf3b27a837d","2552852697","السيد اشرف السيد حسين","","","019c18d5-62e1-7000-8000-000000000003","3","False"
"01a09667-03cb-70f8-b02f-fb3d8acde875","2578632750","فارس محمد مصباح الزغبى","","019c18d5-62e1-7000-8000-000000000041","019c18d5-62e1-7000-8000-000000000003","3","False"
"01a0bf9d-e099-7bd8-80ae-fbb161bbcacc","2579527272","محمد أحمد محمد ياسين","","","019c18d5-62e1-7000-8000-000000000005","3","False"
"01a09667-03d0-77ce-b627-fbf63bcfcf74","2335022626","MOHAMMAD JUNAID MUNNA","","019c18d5-62e1-7000-8000-000000000042","019c18d5-62e1-7000-8000-000000000005","3","False"
"01a0bf9d-e0a5-7a0d-9e7b-fc011f09a403","2441641467","محمد رفيق الاسلام","","","019c18d5-62e1-7000-8000-000000000003","3","False"
"01a0bf9d-e0a1-7f25-ac7f-fc02d334999f","2486850007","اسعد جعفر عبد ال جعفر","","","019c18d5-62e1-7000-8000-000000000003","3","False"
"01a0bf9d-e0a3-7591-8a6f-fc27e1fcbe7f","2637229424","محمد نواز مير محمد","","","019c18d5-62e1-7000-8000-000000000003","3","False"
"01a10c69-82c0-7174-b175-fc441c54b061","2565797251","على مجاهد عبد الخالق عبود","","","019c18d5-62e1-7000-8000-000000000003","3","False"
"01a0bf9d-e09f-7e1e-84dd-fc579ef7eb2b","2555919758","حسن عبدالله عمر حجري","","","019c18d5-62e1-7000-8000-000000000003","3","False"
"01a09667-03da-7d0c-9796-fca9f55a02e7","2585086503","مد رقيب حسين","","019c18d5-62e1-7000-8000-000000000040","019c18d5-62e1-7000-8000-000000000005","3","False"
"01a0bf9d-e0a4-7f4e-83c6-fcb6728e89be","2539518684","أختر أوسين","","","019c18d5-62e1-7000-8000-000000000003","3","False"
"01a10b8c-f6a8-771e-ad76-fcc7c15e6452","2610090355","فاروق محمد السيد عبد الرحمن","","","019c18d5-62e1-7000-8000-000000000003","3","False"
"01a09667-03d4-7519-b5b9-fcca48a33651","2615343882","عصام علي مصلح معصار","","019c18d5-62e1-7000-8000-000000000042","019c18d5-62e1-7000-8000-000000000003","3","False"
"01a0bf9d-e09f-72ce-9c04-fcd6b6beb339","2440222194","فاسمير علالدين فاسيل","","","019c18d5-62e1-7000-8000-000000000003","3","False"
"01a0bf9d-e09a-7586-8d03-fcdc64b5466c","2578631141","احمد علي محمد عبدالفضيل","","","019c18d5-62e1-7000-8000-000000000003","3","False"
"01a09667-03c7-7fbf-84ca-fcfa2e6d8a2b","2439739612","SABUJ AHMED","","019c18d5-62e1-7000-8000-000000000041","019c18d5-62e1-7000-8000-000000000003","3","False"
"01a09667-03d9-7318-ac31-fd41e7b754c8","2587780210","علاء طه محمد ابراهيم","","","019c18d5-62e1-7000-8000-000000000003","6","False"
"01a0bf9d-e098-7d59-b3b9-fd47c0a10472","2614466262","احمد محمد محمد عبد الرحمن","","","019c18d5-62e1-7000-8000-000000000003","3","False"
"01a0bf9d-e0a0-75ec-9628-fd50fa6db4ac","2066756699","افوراقي حادقو تيكل","","","019c18d5-62e1-7000-8000-000000000003","3","False"
"01a0bf9d-e09d-7b72-b1c8-fd993e41e2bc","2566550121","هارون رو راسيد","","","019c18d5-62e1-7000-8000-000000000003","3","False"
"01a10cab-c360-7ee9-bd24-fdb4e5df7071","2599942506","بسام كمال سيف محمد","","","019c18d5-62e1-7000-8000-000000000003","3","False"
"01a0bf9d-e09b-7799-96be-fdbb3fff0782","2677076902","محمود محمد خليفه ابو العلا","","","019c18d5-62e1-7000-8000-000000000003","3","False"
"01a0bf9d-e0a0-7ee0-8c17-fdc26071fb52","2521172631","هيثم ابراهيم عبد الله الموهبي","","","019c18d5-62e1-7000-8000-000000000003","3","False"
"01a09667-03d4-7673-9f12-fdd11e5c6464","2614137541","بدر مجدى احمد حسن احمد","","019c18d5-62e1-7000-8000-000000000042","019c18d5-62e1-7000-8000-000000000005","3","False"
"01a0bf9d-e0a5-7d13-89d2-fde42086b5c6","2481358477","يوسف عيسى محمد حسن","","","019c18d5-62e1-7000-8000-000000000003","3","False"
"01a0bf9d-e0a3-7223-b736-fde8ac4d6445","2622826952","محمود محمد عبد الحميد محمود","","","019c18d5-62e1-7000-8000-000000000003","3","False"
"01a0bf9d-e0a2-70cb-9cf0-fe1ccac8f89e","2627896554","نصر محروس عبدالله قاسم الجنيد","","","019c18d5-62e1-7000-8000-000000000005","3","False"
"01a0bf9d-e099-738c-9ea5-fe6cc8f8e179","2546323243","على ساقلان شاه","","","019c18d5-62e1-7000-8000-000000000005","3","False"
"01a09667-03cd-70d4-881f-fe838edc7de0","2592634063","MD SHAH PORAN","","019c18d5-62e1-7000-8000-000000000041","019c18d5-62e1-7000-8000-000000000003","3","False"
"01a0bf9d-e09f-74eb-95e8-fe9c6899efed","2544708221","عزالدين محمد علي القطافي","","","019c18d5-62e1-7000-8000-000000000003","3","False"
"01a0bf9d-e0a4-73bc-a8e8-fe9f65b4dae3","2520399441","ابراهيم عبده محمد المليكي","","","019c18d5-62e1-7000-8000-000000000003","3","False"
"01a0bf9d-e098-776a-ac2f-fed2e2fe1dc2","2436825521","محمد عثمان غاني","","","019c18d5-62e1-7000-8000-000000000003","3","False"
"01a09667-03d1-7ec8-935e-fed9766214a3","2546408820","MUHAMMAD FAISAL MUHAMMAD PARVEZ","","019c18d5-62e1-7000-8000-000000000042","019c18d5-62e1-7000-8000-000000000003","3","False"
"01a0f2a3-c904-7da4-8413-ff25f6b806bc","2612683363","جارالله عمر يحيى عمر رمضان","","","019c18d5-62e1-7000-8000-000000000005","3","False"
"01a0bf9d-e0a6-752a-bd6b-ff82fe349edd","2323697256","محمد ريف الدين حنيفه","","","019c18d5-62e1-7000-8000-000000000003","3","False"
"01a0bf9d-e09d-7b48-a710-ff8b8fa93782","2514902226","عبدالله احمد كامل خلف الله","","","019c18d5-62e1-7000-8000-000000000003","3","False"
"01a0bf9d-e09e-7a0b-ba4d-ffee4d183c67","2422907911","علي جانديو غلام","","","019c18d5-62e1-7000-8000-000000000003","3","False"
